# eyes and mouth of LittleBotV1 (node 'eyes_mouth'), same local space as the GLB
v -2.3489 -23.9707 17.4149
v -2.3489 -23.9707 17.4149
v -3.1239 -23.9552 17.5460
v -3.1239 -23.9552 17.5460
v -3.2427 -23.9276 16.9782
v -3.5675 -23.9427 17.6087
v -3.5675 -23.9427 17.6087
v -4.1799 -23.8916 16.9606
v -4.0151 -23.9260 17.6281
v -4.0151 -23.9260 17.6281
v -4.4625 -23.9052 17.6041
v -4.4625 -23.9052 17.6041
v -4.9056 -23.8805 17.5368
v -4.9056 -23.8805 17.5368
v -5.1098 -23.8448 16.9396
v -5.1029 -23.8118 16.2456
v -6.0229 -23.7541 16.2215
v -6.0133 -23.7163 15.5347
v -6.9217 -23.6473 15.5081
v -6.9089 -23.6049 14.8284
v -7.8042 -23.5240 14.7996
v -7.7877 -23.4769 14.1270
v -8.3828 -23.4382 14.4077
v -8.3828 -23.4382 14.4077
v -5.3391 -23.8520 17.4258
v -5.3391 -23.8520 17.4258
v -5.7584 -23.8198 17.2723
v -5.7584 -23.8198 17.2723
v -6.0312 -23.7868 16.9153
v -6.1605 -23.7844 17.0790
v -6.1605 -23.7844 17.0790
v -6.5422 -23.7463 16.8484
v -6.5422 -23.7463 16.8484
v -6.9004 -23.7059 16.5830
v -6.9004 -23.7059 16.5830
v -6.9331 -23.6847 16.1947
v -7.2320 -23.6635 16.2855
v -7.2320 -23.6635 16.2855
v -7.5339 -23.6196 15.9583
v -7.5339 -23.6196 15.9583
v -7.8029 -23.5747 15.6042
v -7.8029 -23.5747 15.6042
v -7.8191 -23.5659 15.4790
v -8.0360 -23.5291 15.2257
v -8.0360 -23.5291 15.2257
v -8.2301 -23.4834 14.8254
v -8.2301 -23.4834 14.8254
v -7.7696 -23.4247 13.4612
v -7.7498 -23.3672 12.8021
v -7.7284 -23.3043 12.1499
v -7.7085 -23.2453 11.5870
v -7.6874 -23.1821 11.0292
v -6.7873 -23.1911 10.5043
v -6.7667 -23.1190 9.9565
v -5.8804 -23.1826 9.9817
v -4.9517 -23.0755 8.9234
v -4.0520 -23.1164 8.9428
v -3.1445 -23.1476 8.9589
v -1.3112 -23.1839 8.9798
v -0.2069 -23.1907 8.9843
v -0.2082 -23.3535 10.0655
v 0.8993 -23.1876 8.9822
v 0.9054 -23.3503 10.0634
v 1.9998 -23.1741 8.9739
v 2.0124 -23.3363 10.0550
v 3.1133 -23.3105 10.0407
v 3.1224 -23.3848 10.5888
v 4.2445 -23.3443 10.5687
v 4.2564 -23.4138 11.1218
v 5.3691 -23.3576 11.0966
v 5.3834 -23.4224 11.6547
v 6.4864 -23.3491 11.6250
v 6.5029 -23.4090 12.1880
v 7.0495 -23.3654 12.1716
v 7.0688 -23.4288 12.8240
v 7.6127 -23.3801 12.8067
v 7.6321 -23.4378 13.4657
v 8.4361 -23.3558 13.4382
v 8.4561 -23.4075 14.1039
v 8.9530 -23.3744 14.4064
v 8.9530 -23.3744 14.4064
v 3.0936 -23.1490 8.9597
v 4.2049 -23.1100 8.9398
v 5.3040 -23.0565 8.9149
v 6.9710 -23.1024 9.9502
v 6.4309 -23.1444 9.9664
v 7.5296 -23.1274 10.4810
v 8.3459 -23.1154 11.0067
v 8.3690 -23.1780 11.5644
v 8.3909 -23.2366 12.1272
v 8.4144 -23.2988 12.7793
v 8.4743 -23.4541 14.7763
v 8.7976 -23.4214 14.8236
v 8.7976 -23.4214 14.8236
v 8.6039 -23.4692 15.2246
v 8.6039 -23.4692 15.2246
v 8.3735 -23.5171 15.6055
v 8.3735 -23.5171 15.6055
v 7.6806 -23.5793 15.4837
v 7.6660 -23.5373 14.8042
v 7.1178 -23.5871 14.8219
v 7.1030 -23.5396 14.1491
v 6.5518 -23.5843 14.1658
v 6.5368 -23.5312 13.4998
v 5.4242 -23.6067 13.5300
v 5.4110 -23.5476 12.8705
v 4.2894 -23.6056 12.8961
v 4.2782 -23.5404 12.2432
v 3.1470 -23.5824 12.2636
v 3.1393 -23.5207 11.7003
v 2.0290 -23.5476 11.7147
v 2.0238 -23.4814 11.1563
v 0.9136 -23.5621 11.7232
v 0.9110 -23.4958 11.1648
v -0.2099 -23.5655 11.7253
v -0.2094 -23.4991 11.1669
v -1.3269 -23.4918 11.1624
v -1.3233 -23.4212 10.6091
v -3.1739 -23.3833 10.5880
v -3.1646 -23.3090 10.0400
v -4.0780 -23.2770 10.0238
v 8.1081 -23.5646 15.9626
v 8.1081 -23.5646 15.9626
v 7.6934 -23.6162 16.1700
v 7.1311 -23.6295 15.5015
v 7.1429 -23.6667 16.1881
v 6.5774 -23.6749 15.5185
v 6.5881 -23.7124 16.2052
v 5.4568 -23.7523 15.5495
v 5.4652 -23.7904 16.2365
v 4.3255 -23.8125 15.5759
v 4.3321 -23.8510 16.2631
v 3.1812 -23.8567 15.5971
v 3.1860 -23.8956 16.2846
v 2.0558 -23.8855 15.6122
v 2.0588 -23.9247 16.2998
v 0.9287 -23.9405 16.3089
v 0.9302 -23.9746 17.0036
v -0.2132 -23.9783 17.0059
v 0.4655 -23.9871 17.2230
v 0.4655 -23.9871 17.2230
v 0.0000 -23.9881 17.2245
v 0.0000 -23.9881 17.2245
v 7.8094 -23.6114 16.2922
v 7.8094 -23.6114 16.2922
v 7.4791 -23.6569 16.5906
v 7.4791 -23.6569 16.5906
v 7.1199 -23.7004 16.8539
v 7.1199 -23.7004 16.8539
v 6.5974 -23.7448 16.8988
v 5.4725 -23.8233 16.9304
v 4.3378 -23.8843 16.9573
v 3.1901 -23.9293 16.9790
v 2.0614 -23.9586 16.9945
v 1.3951 -23.9808 17.2559
v 1.3951 -23.9808 17.2559
v 0.9306 -23.9847 17.2335
v 0.9306 -23.9847 17.2335
v 6.7362 -23.7414 17.0806
v 6.7362 -23.7414 17.0806
v 6.3319 -23.7797 17.2695
v 6.3319 -23.7797 17.2695
v 5.9111 -23.8149 17.4194
v 5.9111 -23.8149 17.4194
v 5.4777 -23.8468 17.5293
v 5.4777 -23.8468 17.5293
v 5.0360 -23.8751 17.5980
v 5.0360 -23.8751 17.5980
v 4.5898 -23.8995 17.6244
v 4.5898 -23.8995 17.6244
v 4.1432 -23.9197 17.6074
v 4.1432 -23.9197 17.6074
v 3.7002 -23.9354 17.5458
v 3.7002 -23.9354 17.5458
v 3.2424 -23.9483 17.4642
v 3.2424 -23.9483 17.4642
v 2.7827 -23.9592 17.3944
v 2.7827 -23.9592 17.3944
v 2.3214 -23.9681 17.3364
v 2.3214 -23.9681 17.3364
v 1.8588 -23.9753 17.2902
v 1.8588 -23.9753 17.2902
v -0.7857 -23.9867 17.2540
v -0.7857 -23.9867 17.2540
v -1.3513 -23.9702 17.0010
v -1.3497 -23.9361 16.3063
v -3.2385 -23.8940 16.2837
v -3.2336 -23.8551 15.5963
v -4.1680 -23.8196 15.5792
v -4.1607 -23.7758 14.8988
v -5.0858 -23.7301 14.8784
v -5.0756 -23.6814 14.2052
v -5.9901 -23.6252 14.1818
v -5.9766 -23.5717 13.5156
v -6.8787 -23.5043 13.4896
v -6.8615 -23.4461 12.8304
v -1.5691 -23.9811 17.3175
v -1.5691 -23.9811 17.3175
v -4.1744 -23.8582 16.2664
v -5.0949 -23.7736 15.5585
v -6.0023 -23.6734 14.8548
v -6.8945 -23.5572 14.1556
v -3.2281 -23.8109 14.9158
v -1.3477 -23.8968 15.6186
v -1.3454 -23.8522 14.9379
v -0.2126 -23.9048 15.6234
v -0.2123 -23.8601 14.9427
v 0.9253 -23.8565 14.9405
v 0.9233 -23.8066 14.2667
v 2.0484 -23.7913 14.2579
v 2.0440 -23.7361 13.5911
v 3.1695 -23.7631 14.2431
v 3.1627 -23.7082 13.5764
v 4.3093 -23.7197 14.2222
v 4.2998 -23.6653 13.5557
v 5.4362 -23.6605 14.1963
v -3.2218 -23.7615 14.2423
v -1.3429 -23.8023 14.2642
v -0.2119 -23.8101 14.2689
v 0.9210 -23.7513 13.5998
v 2.0392 -23.6756 12.9312
v 3.1552 -23.6480 12.9166
v -4.1525 -23.7267 14.2255
v -4.1434 -23.6722 13.5589
v -3.2148 -23.7067 13.5756
v -4.1334 -23.6124 12.8993
v -3.2071 -23.6465 12.9158
v -4.1225 -23.5472 12.2464
v -3.1988 -23.5809 12.2628
v -4.1123 -23.4859 11.6831
v -3.1910 -23.5192 11.6995
v -4.1015 -23.4205 11.1249
v -3.1827 -23.4534 11.1412
v -4.0901 -23.3508 10.5718
v -1.3400 -23.7471 13.5973
v -0.2114 -23.7548 13.6020
v 0.9186 -23.6905 12.9399
v 2.0340 -23.6096 12.2781
v -1.3369 -23.6864 12.9374
v -0.2109 -23.6940 12.9420
v 0.9160 -23.6243 12.2867
v -1.3335 -23.6202 12.2842
v -0.2104 -23.6277 12.2888
v -1.3303 -23.5581 11.7208
v -1.3194 -23.3464 10.0610
v -0.2088 -23.4284 10.6137
v 0.9083 -23.4252 10.6116
v 2.0183 -23.4110 10.6031
v 3.1311 -23.4549 11.1420
v 4.2676 -23.4792 11.6800
v 5.3967 -23.4831 12.2178
v 6.5205 -23.4728 12.8405
v 7.0866 -23.4868 13.4832
v 7.6499 -23.4901 14.1316
v -0.2129 -23.9442 16.3111
v -5.0644 -23.6274 13.5388
v -5.0520 -23.5681 12.8793
v -5.0386 -23.5034 12.2265
v -5.0260 -23.4425 11.6633
v -5.0127 -23.3776 11.1052
v -4.9986 -23.3084 10.5522
v -4.9837 -23.2350 10.0043
v -5.9618 -23.5129 12.8562
v -5.9457 -23.4487 12.2036
v -5.9308 -23.3884 11.6405
v -5.9149 -23.3240 11.0825
v -5.8981 -23.2554 10.5296
v -6.8428 -23.3826 12.1779
v -6.8253 -23.3229 11.6150
v -6.8069 -23.2591 11.0571
v 0.9271 -23.9012 15.6212
v 2.0523 -23.8410 14.9316
v 3.1757 -23.8125 14.9166
v 4.3178 -23.7687 14.8956
v 5.4471 -23.7091 14.8695
v 6.5653 -23.6322 14.8387
v 4.2319 -23.2704 10.0207
v 5.3541 -23.2887 10.5436
v 6.4689 -23.2850 11.0670
v 7.0315 -23.3058 11.6087
v 7.5917 -23.3172 12.1543
v 5.3382 -23.2155 9.9957
v 6.4504 -23.2168 10.5142
v 7.0124 -23.2422 11.0508
v 7.5722 -23.2580 11.5915
v 6.9922 -23.1744 10.4980
v 7.5515 -23.1948 11.0337
v -7.2000 -23.5974 27.7809
v -7.2000 -23.5974 27.7809
v -7.2224 -23.5821 28.0089
v -7.2224 -23.5821 28.0089
v -7.1925 -23.6108 27.5522
v -7.1925 -23.6108 27.5522
v -7.2601 -23.5650 28.2346
v -7.2601 -23.5650 28.2346
v -7.3130 -23.5463 28.4568
v -7.3130 -23.5463 28.4568
v -7.3804 -23.5259 28.6748
v -7.3804 -23.5259 28.6748
v -7.4618 -23.5040 28.8878
v -7.4618 -23.5040 28.8878
v -7.5567 -23.4806 29.0950
v -7.5567 -23.4806 29.0950
v -7.6646 -23.4558 29.2958
v -7.6646 -23.4558 29.2958
v -8.2276 -23.4583 28.3613
v -7.7847 -23.4297 29.4893
v -7.7847 -23.4297 29.4893
v -8.1983 -23.3637 29.7859
v -7.9167 -23.4024 29.6749
v -7.9167 -23.4024 29.6749
v -8.0598 -23.3738 29.8517
v -8.0598 -23.3738 29.8517
v -8.2137 -23.3442 30.0190
v -8.2137 -23.3442 30.0190
v -8.3777 -23.3136 30.1760
v -8.3777 -23.3136 30.1760
v -8.5512 -23.2821 30.3221
v -8.5512 -23.2821 30.3221
v -8.7337 -23.2497 30.4564
v -8.7337 -23.2497 30.4564
v -9.2718 -23.2386 29.7378
v -9.3032 -23.3320 28.3142
v -10.3619 -23.1861 28.2657
v -10.3896 -23.2616 26.8384
v -11.3989 -23.0206 28.2171
v -11.4273 -23.0946 26.7904
v -12.4504 -22.8274 28.1676
v -12.4777 -22.8998 26.7414
v -13.3552 -22.7151 26.7007
v -13.3733 -22.7708 25.2756
v -14.1883 -22.5503 25.9393
v -8.9247 -23.2165 30.5781
v -8.9247 -23.2165 30.5781
v -9.1236 -23.1826 30.6867
v -9.1236 -23.1826 30.6867
v -9.3293 -23.1480 30.7812
v -9.3293 -23.1480 30.7812
v -9.5407 -23.1129 30.8616
v -9.5407 -23.1129 30.8616
v -9.7569 -23.0774 30.9277
v -9.7569 -23.0774 30.9277
v -10.3291 -23.0942 29.6884
v -9.9770 -23.0416 30.9797
v -9.9770 -23.0416 30.9797
v -10.2000 -23.0056 31.0176
v -10.2000 -23.0056 31.0176
v -10.4251 -22.9696 31.0413
v -10.4251 -22.9696 31.0413
v -10.6512 -22.9337 31.0508
v -10.6512 -22.9337 31.0508
v -10.8776 -22.8980 31.0462
v -10.8776 -22.8980 31.0462
v -11.3647 -22.9305 29.6392
v -11.1031 -22.8627 31.0276
v -11.1031 -22.8627 31.0276
v -11.3270 -22.8279 30.9948
v -11.3270 -22.8279 30.9948
v -11.5483 -22.7936 30.9479
v -11.5483 -22.7936 30.9479
v -11.7661 -22.7602 30.8869
v -11.7661 -22.7602 30.8869
v -11.9795 -22.7275 30.8119
v -11.9795 -22.7275 30.8119
v -12.1875 -22.6959 30.7228
v -12.1875 -22.6959 30.7228
v -12.4170 -22.7394 29.5892
v -12.3891 -22.6654 30.6196
v -12.3891 -22.6654 30.6196
v -12.5875 -22.6357 30.5006
v -12.5875 -22.6357 30.5006
v -12.7779 -22.6074 30.3684
v -12.7779 -22.6074 30.3684
v -12.9589 -22.5810 30.2234
v -12.9589 -22.5810 30.2234
v -13.1294 -22.5567 30.0661
v -13.2979 -22.5581 29.5482
v -13.3298 -22.6442 28.1267
v -13.3821 -22.8039 24.1619
v -13.3857 -22.8278 23.0549
v -12.5150 -23.0146 23.0951
v -12.5158 -23.0293 21.9972
v -11.4733 -23.2264 22.0445
v -11.4714 -23.2315 20.9581
v -11.3758 -23.2481 20.8855
v -11.1015 -23.2946 20.8426
v -11.1015 -23.2946 20.8426
v -10.8242 -23.3399 20.8216
v -10.8242 -23.3399 20.8216
v -10.4361 -23.4007 21.0034
v -10.5458 -23.3836 20.8224
v -10.5458 -23.3836 20.8224
v -10.4359 -23.4007 20.9372
v -10.2680 -23.4255 20.8451
v -10.2680 -23.4255 20.8451
v -10.4356 -23.4007 20.8490
v -9.9926 -23.4656 20.8897
v -9.9926 -23.4656 20.8897
v -9.4559 -23.5389 21.0444
v -9.4559 -23.5389 21.0444
v -10.4367 -23.3956 22.0903
v -9.3781 -23.5439 22.1351
v -9.3732 -23.5288 23.2346
v -8.2946 -23.6569 23.2783
v -8.2856 -23.6317 24.3878
v -7.1928 -23.7432 24.3251
v -9.7214 -23.5034 20.9561
v -9.7214 -23.5034 20.9561
v -8.3000 -23.6719 22.1780
v -8.2731 -23.5962 25.5040
v -7.1927 -23.6881 25.9391
v -8.2527 -23.5358 26.9322
v -9.3299 -23.4085 26.8861
v -9.3513 -23.4684 25.4588
v -9.3642 -23.5037 24.3434
v -10.4114 -23.3206 25.4121
v -10.4241 -23.3556 24.2973
v -10.4327 -23.3806 23.1892
v -11.4495 -23.1526 25.3647
v -11.4620 -23.1869 24.2505
v -11.4701 -23.2115 23.1428
v -12.4981 -22.9567 25.3162
v -12.5090 -22.9904 24.2023
v 6.1976 -23.6907 27.6328
v 6.1976 -23.6907 27.6328
v 6.1865 -23.7061 27.3621
v 6.1865 -23.7061 27.3621
v 7.1919 -23.6502 26.7881
v 6.1866 -23.7800 25.7490
v 7.2100 -23.7079 25.3817
v 7.2209 -23.7410 24.3063
v 7.2253 -23.7539 23.7709
v 8.2453 -23.6394 24.2673
v 8.2499 -23.6523 23.7322
v 9.2551 -23.5210 24.2260
v 9.2597 -23.5338 23.6913
v 10.2479 -23.3852 24.1832
v 10.2525 -23.3980 23.6487
v 10.8241 -23.2969 24.1575
v 10.8284 -23.3096 23.6232
v 11.3929 -23.2023 24.1318
v 11.3970 -23.2149 23.5976
v 11.9538 -23.1015 24.1061
v 11.9577 -23.1139 23.5720
v 12.5099 -22.9936 24.0805
v 12.5132 -23.0059 23.5465
v 12.7514 -22.9441 24.0693
v 12.5152 -23.0160 23.0144
v 11.9605 -23.1241 23.0399
v 11.4024 -23.2391 22.0077
v 10.8349 -23.3339 22.0329
v 10.2600 -23.4270 21.0109
v 9.2687 -23.5628 21.0520
v 8.2587 -23.6766 22.1396
v 7.2341 -23.7780 22.1771
v 7.2290 -23.7643 23.2373
v 13.0654 -22.8445 25.1267
v 12.7419 -22.9130 25.1417
v 12.5000 -22.9622 25.1529
v 11.9426 -23.0699 25.1787
v 11.3818 -23.1703 25.2046
v 10.8125 -23.2646 25.2306
v 10.2358 -23.3528 25.2566
v 9.2432 -23.4882 25.3001
v 8.2337 -23.6065 25.3421
v 13.1849 -22.7950 25.7489
v 13.0471 -22.7912 26.5291
v 12.7230 -22.8592 26.5441
v 12.6973 -22.7904 27.9482
v 12.4807 -22.9081 26.5554
v 12.4548 -22.8390 27.9595
v 12.4228 -22.7547 29.3600
v 12.4179 -22.7417 29.5550
v 12.2409 -22.7613 29.7596
v 11.8621 -22.8600 29.3864
v 11.8950 -22.9453 27.9858
v 11.3347 -23.0441 28.0122
v 11.3613 -23.1149 26.6076
v 10.7918 -23.2087 26.6340
v 12.0487 -22.7837 29.9497
v 11.8426 -22.8086 30.1245
v 11.6237 -22.8358 30.2828
v 11.3026 -22.9577 29.4131
v 11.3935 -22.8650 30.4239
v 11.1531 -22.8961 30.5467
v 10.7334 -23.0498 29.4401
v 10.9038 -22.9286 30.6502
v 10.6477 -22.9625 30.7330
v 10.3861 -22.9973 30.7952
v 10.1562 -23.1361 29.4674
v 10.1880 -23.2243 28.0657
v 9.1973 -23.3581 28.1107
v 9.2228 -23.4313 26.7046
v 8.2142 -23.5490 26.7475
v 10.1206 -23.0331 30.8370
v 9.8527 -23.0695 30.8585
v 9.5840 -23.1064 30.8598
v 9.1673 -23.2686 29.5132
v 9.3159 -23.1437 30.8412
v 9.0500 -23.1811 30.8028
v 8.7877 -23.2185 30.7448
v 8.5307 -23.2557 30.6672
v 8.1620 -23.3846 29.5579
v 8.2803 -23.2926 30.5703
v 8.0382 -23.3288 30.4542
v 7.8058 -23.3644 30.3191
v 7.5849 -23.3991 30.1653
v 7.3772 -23.4328 29.9942
v 7.1441 -23.4843 29.6005
v 7.1835 -23.4654 29.8071
v 7.0045 -23.4967 29.6054
v 6.8411 -23.5268 29.3905
v 7.1698 -23.5757 28.1961
v 8.1901 -23.4751 28.1545
v 6.6940 -23.5554 29.1638
v 6.5640 -23.5824 28.9266
v 6.4519 -23.6078 28.6804
v 6.3584 -23.6315 28.4266
v 6.2843 -23.6532 28.1664
v 6.2305 -23.6730 27.9014
v 8.2537 -23.6628 23.1991
v 9.2635 -23.5443 23.1584
v 9.2681 -23.5583 22.0996
v 10.2561 -23.4084 23.1162
v 10.2602 -23.4223 22.0580
v 10.8316 -23.3200 23.0908
v 11.3999 -23.2252 23.0654
v 10.2147 -23.2965 26.6604
v 10.7652 -23.1371 28.0389
v 11.9220 -23.0152 26.5815
v -8.2509 -23.6819 14.8120
v -8.0563 -23.7278 15.2136
v -7.8236 -23.7737 15.5949
v -7.8236 -23.7737 15.5949
v -7.5196 -23.8584 16.7216
v -7.5546 -23.8190 15.9526
v -7.5546 -23.8190 15.9526
v -7.2530 -23.8632 16.2820
v -7.2530 -23.8632 16.2820
v -6.9292 -23.9105 16.7405
v -6.9212 -23.9057 16.5805
v -6.9212 -23.9057 16.5805
v -6.5617 -23.9462 16.8459
v -6.5617 -23.9462 16.8459
v -6.1770 -23.9844 17.0761
v -5.7723 -24.0196 17.2676
v -5.3510 -24.0516 17.4191
v -4.9162 -24.0801 17.5292
v -4.4719 -24.1049 17.5968
v -4.0229 -24.1257 17.6209
v -3.5744 -24.1424 17.6013
v -3.1301 -24.1550 17.5384
v -2.2817 -24.1717 17.3965
v -2.2817 -24.1717 17.3965
v -1.4279 -24.1823 17.2950
v -1.4279 -24.1823 17.2950
v -0.5702 -24.1873 17.2340
v -0.5702 -24.1873 17.2340
v 0.2897 -24.1875 17.2136
v 0.2897 -24.1875 17.2136
v 1.1494 -24.1829 17.2340
v 1.1494 -24.1829 17.2340
v 2.0066 -24.1731 17.2950
v 2.0066 -24.1731 17.2950
v 2.8599 -24.1574 17.3964
v 2.8599 -24.1574 17.3964
v 3.7078 -24.1351 17.5382
v 3.7078 -24.1351 17.5382
v 4.1523 -24.1195 17.6012
v 4.6013 -24.0996 17.6207
v 5.0491 -24.0755 17.5966
v 7.5196 -23.8584 16.7216
v 7.8292 -23.8102 16.2829
v 7.8292 -23.8102 16.2829
v 8.1307 -23.7632 15.9539
v 8.1307 -23.7632 15.9539
v 5.4922 -24.0473 17.5293
v 5.9273 -24.0153 17.4192
v 6.3487 -23.9799 17.2678
v 6.7529 -23.9412 17.0766
v 7.1370 -23.8998 16.8471
v 7.1370 -23.8998 16.8471
v 7.4972 -23.8559 16.5813
v 7.4972 -23.8559 16.5813
v 8.3995 -23.7153 15.5968
v 8.3995 -23.7153 15.5968
v 8.6325 -23.6670 15.2153
v 8.6325 -23.6670 15.2153
v 8.8272 -23.6192 14.8140
v 8.9823 -23.5721 14.3959
v -12.9427 -22.7844 30.2870
v -12.6651 -22.8254 30.4913
v -12.3696 -22.8698 30.6670
v -12.0583 -22.9172 30.8130
v -11.7338 -22.9670 30.9280
v -11.4006 -23.0186 31.0105
v -11.0613 -23.0716 31.0600
v -10.7184 -23.1255 31.0762
v -10.3754 -23.1799 31.0589
v -10.0365 -23.2341 31.0083
v -9.7041 -23.2881 30.9249
v -9.3806 -23.3414 30.8092
v -9.3806 -23.3414 30.8092
v -9.0700 -23.3936 30.6625
v -9.0700 -23.3936 30.6625
v -8.7755 -23.4443 30.4863
v -8.4993 -23.4933 30.2820
v -8.2436 -23.5403 30.0510
v -8.0121 -23.5849 29.7964
v -7.8068 -23.6268 29.5205
v -7.6290 -23.6659 29.2253
v -7.4806 -23.7019 28.9129
v -7.3636 -23.7345 28.5875
v -7.2791 -23.7634 28.2519
v -7.2280 -23.7886 27.9089
v -7.2110 -23.8097 27.5631
v -9.3974 -23.7482 21.0775
v -9.7230 -23.7051 20.9631
v -10.0574 -23.6585 20.8812
v -10.3974 -23.6087 20.8326
v -10.7405 -23.5560 20.8174
v -11.0835 -23.5005 20.8358
v 6.2017 -23.9053 27.3726
v 7.0011 -23.6985 29.6037
v 7.2321 -23.6584 29.8582
v 8.0583 -23.5273 30.4707
v 8.3684 -23.4810 30.6175
v 8.6919 -23.4339 30.7335
v 9.0253 -23.3862 30.8174
v 10.7245 -23.1534 30.7375
v 11.0488 -23.1106 30.6226
v 11.4643 -23.0487 30.5100
v 11.3610 -23.0700 30.4762
v 11.6569 -23.0323 30.3002
v -2.7958 -23.9492 17.1965
v -3.7113 -23.9096 16.9694
v -4.5427 -23.8860 17.2487
v -4.6448 -23.8682 16.9501
v -4.6414 -23.8517 16.6031
v -5.5663 -23.7995 16.5806
v -5.5629 -23.7829 16.2335
v -5.5581 -23.7641 15.8901
v -6.4723 -23.7007 15.8648
v -6.4675 -23.6818 15.5214
v -6.4611 -23.6606 15.1816
v -7.3630 -23.5857 15.1538
v -7.3483 -23.5409 14.4777
v -5.5705 -23.8158 16.9274
v -6.4616 -23.7300 16.4023
v -6.4780 -23.7194 16.2081
v -7.3704 -23.6066 15.4936
v -8.1803 -23.3668 13.2768
v -8.1356 -23.2990 12.5033
v -6.2672 -23.1042 9.6236
v -6.0791 -23.0989 9.5028
v -5.8613 -23.1035 9.4414
v -4.5018 -23.0959 8.9331
v -3.5983 -23.1320 8.9509
v -3.4675 -23.0819 8.6186
v -2.8397 -23.0825 8.5258
v -2.2279 -23.1658 8.9694
v -1.9230 -23.1006 8.5363
v -1.6074 -23.1001 8.5026
v -1.2908 -23.0992 8.4774
v -0.9735 -23.0983 8.4608
v -0.7591 -23.1873 8.9821
v -0.4214 -23.1017 8.4630
v -0.7597 -23.2687 9.5227
v -0.2076 -23.2721 9.5249
v 0.3462 -23.1892 8.9833
v 0.3456 -23.2706 9.5239
v 0.3486 -23.3519 10.0645
v 0.9024 -23.2690 9.5228
v 1.4496 -23.1809 8.9781
v 1.4526 -23.2622 9.5186
v 1.4589 -23.3433 10.0592
v 2.0061 -23.2552 9.5144
v 2.5565 -23.2423 9.5073
v 2.5629 -23.3234 10.0479
v 2.5674 -23.3606 10.3219
v 3.6789 -23.3274 10.3047
v 3.6835 -23.3645 10.5788
v 3.6894 -23.3993 10.8553
v 4.8068 -23.3509 10.8327
v 4.8128 -23.3857 11.1092
v 4.8199 -23.4181 11.3882
v 5.9278 -23.3533 11.3608
v 5.9349 -23.3857 11.6398
v 5.9431 -23.4157 11.9213
v 8.0244 -23.3679 13.1224
v 8.0441 -23.4226 13.7848
v -0.1035 -23.1009 8.4549
v 0.4497 -23.0994 8.4538
v 0.8036 -23.0987 8.4548
v 1.1571 -23.0982 8.4664
v 1.7073 -23.0915 8.4622
v 2.0602 -23.0909 8.4844
v 2.4122 -23.0898 8.5170
v 2.5467 -23.1616 8.9668
v 3.1035 -23.2298 9.5002
v 2.9591 -23.0772 8.5100
v 3.3099 -23.0755 8.5531
v 3.6493 -23.1295 8.9497
v 3.8655 -23.0560 8.5432
v 4.5623 -23.0495 8.6610
v 4.7545 -23.0833 8.9273
v 5.8675 -23.1004 9.4406
v 6.4099 -23.0657 9.4260
v 6.6447 -23.0596 9.4936
v 7.9378 -23.1214 10.7439
v 8.7574 -23.2321 12.4937
v 8.0774 -23.5167 15.1300
v 5.9880 -23.5955 13.8479
v 5.9805 -23.5690 13.5149
v 5.9739 -23.5394 13.1852
v 4.8568 -23.6061 13.2131
v 4.8502 -23.5766 12.8833
v 4.8446 -23.5440 12.5569
v 3.7182 -23.5940 12.5799
v 3.7126 -23.5614 12.2534
v 3.7087 -23.5306 11.9717
v 2.5880 -23.5650 11.9892
v 2.5842 -23.5342 11.7075
v 2.5815 -23.5011 11.4283
v 1.4713 -23.5549 11.7189
v 1.4687 -23.5218 11.4398
v 1.4674 -23.4886 11.1606
v 0.3518 -23.5638 11.7243
v 0.3505 -23.5306 11.4451
v 0.3508 -23.4974 11.1659
v -0.7684 -23.5286 11.4439
v -0.7681 -23.4954 11.1647
v -0.7663 -23.4602 10.8880
v -2.2504 -23.4376 10.8752
v -2.2486 -23.4023 10.5986
v -3.6083 -23.2127 9.4914
v -3.1546 -23.2283 9.4994
v -2.2439 -23.3651 10.3245
v -4.5148 -23.1762 9.4736
v -4.0650 -23.1967 9.4833
v -3.6259 -23.3301 10.3059
v -3.6213 -23.2930 10.0319
v 6.0171 -23.7136 15.5340
v 6.0224 -23.7324 15.8773
v 6.0267 -23.7514 16.2208
v 4.8911 -23.7824 15.5627
v 4.8953 -23.8014 15.9062
v 4.8987 -23.8207 16.2498
v 3.7533 -23.8346 15.5865
v 3.7567 -23.8538 15.9301
v 3.7591 -23.8733 16.2738
v 2.6185 -23.8711 15.6047
v 2.6209 -23.8905 15.9484
v 2.6224 -23.9101 16.2922
v 1.4923 -23.9130 15.9606
v 1.4938 -23.9326 16.3044
v 1.4945 -23.9496 16.6517
v 0.3578 -23.9594 16.6574
v 0.3585 -23.9765 17.0048
v 6.0313 -23.7676 16.5676
v 4.9023 -23.8371 16.5967
v 6.0349 -23.7840 16.9146
v 3.7619 -23.8899 16.6209
v 4.9052 -23.8538 16.9438
v 2.6244 -23.9270 16.6394
v 3.7639 -23.9068 16.9682
v 1.4958 -23.9666 16.9990
v 2.6257 -23.9440 16.9867
v 4.6869 -23.8797 17.2777
v 2.7558 -23.9487 17.1577
v -1.8501 -23.9704 17.2079
v -2.2970 -23.9489 16.9896
v -0.7823 -23.9742 17.0034
v -0.7814 -23.9572 16.6561
v -2.2949 -23.9321 16.6424
v -2.2941 -23.9150 16.2950
v -2.2917 -23.8956 15.9513
v -3.7033 -23.8568 15.9314
v -3.7008 -23.8373 15.5877
v -3.6972 -23.8154 15.2476
v -4.6269 -23.7749 15.2288
v -4.6233 -23.7529 14.8886
v -4.6182 -23.7286 14.5520
v -5.5380 -23.6776 14.5301
v -5.5329 -23.6533 14.1935
v -5.5261 -23.6266 13.8604
v -7.3143 -23.4357 13.1459
v -6.4344 -23.5647 13.8357
v -6.4276 -23.5380 13.5026
v -7.2949 -23.3752 12.4901
v -6.4190 -23.5089 13.1730
v -3.7085 -23.8929 16.6223
v -4.6387 -23.8350 16.2560
v -3.7065 -23.8761 16.2751
v -5.5541 -23.7449 15.5466
v -4.6315 -23.7966 15.5688
v -4.6347 -23.8159 15.9125
v -6.4556 -23.6391 14.8416
v -5.5441 -23.7017 14.8666
v -5.5486 -23.7235 15.2067
v -7.3321 -23.4909 13.8084
v -6.4423 -23.5912 14.1687
v -6.4484 -23.6153 14.5052
v -3.6944 -23.7933 14.9073
v -2.2907 -23.8759 15.6074
v -2.2879 -23.8539 15.2672
v -2.2867 -23.8316 14.9269
v -0.7802 -23.9008 15.6210
v -0.7790 -23.8785 15.2807
v -0.7789 -23.8562 14.9403
v 0.3563 -23.8807 15.2819
v 0.3565 -23.8583 14.9416
v 0.3555 -23.8334 14.6047
v 1.4868 -23.8239 14.5992
v 1.4858 -23.7989 14.2623
v 1.4836 -23.7714 13.9289
v 2.6090 -23.7772 14.2505
v 2.6068 -23.7496 13.9171
v 2.6033 -23.7222 13.5838
v 3.7394 -23.7414 14.2327
v 3.7360 -23.7139 13.8993
v 4.8620 -23.6360 13.5429
v 3.7313 -23.6868 13.5661
v 5.9940 -23.6224 14.1811
v 4.8728 -23.6901 14.2093
v 4.8680 -23.6629 13.8760
v -2.2836 -23.8069 14.5901
v -0.7776 -23.8312 14.6034
v -2.2823 -23.7819 14.2532
v 0.3557 -23.8084 14.2678
v -0.7774 -23.8062 14.2665
v 1.4825 -23.7437 13.5955
v 0.3546 -23.7807 13.9344
v 2.6009 -23.6919 13.2538
v 1.4801 -23.7134 13.2655
v 3.7223 -23.6268 12.9064
v 3.7275 -23.6567 13.2362
v 2.5972 -23.6618 12.9239
v -4.6141 -23.7041 14.2153
v -3.6903 -23.7688 14.5706
v -3.6871 -23.7441 14.2339
v -3.6826 -23.7169 13.9006
v -2.2788 -23.7545 13.9199
v -3.6791 -23.6894 13.5673
v -3.6741 -23.6595 13.2374
v -3.6703 -23.6295 12.9075
v -3.6648 -23.5968 12.5811
v -3.6607 -23.5640 12.2546
v -3.6556 -23.5334 11.9730
v -3.6517 -23.5026 11.6913
v -3.6463 -23.4698 11.4122
v -2.2548 -23.4726 11.1518
v -3.6421 -23.4369 11.1330
v -3.6320 -23.3671 10.5799
v -3.6364 -23.4021 10.8565
v -0.7760 -23.7786 13.9331
v -2.2774 -23.7269 13.5865
v -2.2736 -23.6968 13.2566
v 0.3548 -23.7530 13.6009
v -0.7757 -23.7509 13.5997
v 1.4789 -23.6830 12.9355
v 0.3536 -23.7226 13.2709
v 2.5905 -23.5960 12.2709
v 2.5946 -23.6288 12.5974
v 1.4763 -23.6500 12.6090
v -2.2720 -23.6664 12.9266
v -2.2678 -23.6336 12.6001
v -0.7742 -23.7206 13.2697
v 0.3538 -23.6922 12.9409
v -0.7739 -23.6902 12.9397
v 1.4725 -23.5860 12.0007
v 1.4750 -23.6169 12.2824
v 0.3525 -23.6591 12.6144
v -2.2661 -23.6005 12.2735
v -2.2622 -23.5697 11.9919
v -0.7722 -23.6571 12.6131
v 0.3516 -23.5949 12.0060
v 0.3528 -23.6260 12.2878
v -0.7719 -23.6240 12.2865
v -0.7701 -23.5618 11.7230
v -2.2606 -23.5387 11.7101
v -2.2565 -23.5057 11.4310
v -0.7703 -23.5929 12.0048
v -2.2320 -23.2470 9.5099
v -1.3153 -23.2652 9.5204
v -0.7638 -23.3500 10.0632
v -2.2420 -23.3277 10.0505
v 0.3483 -23.3894 10.3385
v -0.7660 -23.4248 10.6114
v -0.7641 -23.3874 10.3373
v 1.4604 -23.3808 10.3333
v 0.3495 -23.4621 10.8893
v 0.3497 -23.4268 10.6126
v 2.5704 -23.3979 10.5960
v 1.4646 -23.4534 10.8840
v 1.4633 -23.4181 10.6074
v 3.6937 -23.4343 11.1319
v 2.5775 -23.4681 11.1492
v 2.5747 -23.4329 10.8726
v 4.8255 -23.4508 11.6673
v 3.7034 -23.5000 11.6901
v 3.6993 -23.4670 11.4110
v 5.9498 -23.4460 12.2029
v 4.8374 -23.5117 12.2305
v 4.8322 -23.4811 11.9489
v 5.9658 -23.5102 12.8555
v 5.9586 -23.4779 12.5292
v 8.0621 -23.4721 14.4539
v 0.3579 -23.9423 16.3100
v -0.7813 -23.9401 16.3087
v -0.7803 -23.9205 15.9649
v -5.5205 -23.5996 13.5272
v -4.6084 -23.6771 13.8821
v -4.6039 -23.6498 13.5489
v -4.5977 -23.6202 13.2191
v -4.5927 -23.5903 12.8893
v -4.5860 -23.5579 12.5629
v -4.5805 -23.5253 12.2365
v -4.5743 -23.4949 11.9549
v -4.5692 -23.4642 11.6732
v -4.5625 -23.4317 11.3942
v -4.5571 -23.3990 11.1151
v -5.4395 -23.2455 10.2670
v -4.5501 -23.3644 10.8386
v -4.5443 -23.3296 10.5620
v -5.4130 -23.1297 9.4526
v -4.9677 -23.1553 9.4638
v -4.5309 -23.2560 10.0140
v -4.5369 -23.2929 10.2880
v -6.4116 -23.4795 12.8433
v -5.5131 -23.5702 13.1975
v -5.5069 -23.5405 12.8677
v -5.4989 -23.5084 12.5414
v -5.4922 -23.4761 12.2151
v -5.4847 -23.4459 11.9335
v -5.4784 -23.4155 11.6519
v -6.3511 -23.2575 10.7934
v -5.4705 -23.3833 11.3729
v -5.4638 -23.3508 11.0939
v -6.3324 -23.1872 10.2430
v -5.4554 -23.3165 10.8174
v -5.4483 -23.2819 10.5409
v -7.2756 -23.3139 11.8825
v -6.4023 -23.4477 12.5171
v -7.2564 -23.2525 11.3221
v -6.3855 -23.3858 11.9093
v -7.2360 -23.1870 10.7668
v -6.3688 -23.3237 11.3488
v 1.4915 -23.8933 15.6167
v 0.3573 -23.9030 15.6223
v 0.3571 -23.9227 15.9662
v 2.6168 -23.8489 15.2644
v 1.4888 -23.8488 14.9360
v 1.4897 -23.8711 15.2764
v 3.7506 -23.8125 15.2463
v 2.6121 -23.8019 14.5873
v 2.6140 -23.8268 14.9241
v 4.8873 -23.7605 15.2226
v 3.7437 -23.7659 14.5693
v 3.7468 -23.7906 14.9061
v 6.0122 -23.6920 15.1940
v 4.8782 -23.7144 14.5459
v 4.8825 -23.7389 14.8825
v 6.0008 -23.6464 14.5175
v 6.0062 -23.6706 14.8541
v 3.6726 -23.2905 10.0307
v 3.6628 -23.2097 9.4902
v 4.2184 -23.1902 9.4802
v 4.7993 -23.3165 10.5562
v 4.7930 -23.2796 10.2822
v 5.9190 -23.3213 11.0818
v 5.9115 -23.2868 10.8053
v 8.0031 -23.3080 12.4668
v 4.7716 -23.1628 9.4677
v 5.3211 -23.1360 9.4553
v 5.8846 -23.1800 9.9810
v 4.7851 -23.2430 10.0082
v 5.9022 -23.2527 10.5289
v 5.8943 -23.2161 10.2549
v 7.9815 -23.2473 11.8593
v 7.9603 -23.1864 11.2991
v -7.2527 -23.5786 28.0045
v -7.4888 -23.5010 28.8763
v -7.7101 -23.5346 27.9568
v -7.7703 -23.5023 28.4091
v -7.9461 -23.4571 28.8286
v -8.0061 -23.4440 28.9253
v -8.2129 -23.4110 29.0736
v -8.7351 -23.3012 29.7618
v -8.7654 -23.3952 28.3378
v -8.7507 -23.3478 29.0500
v -9.2875 -23.2853 29.0260
v -9.8169 -23.2123 29.0017
v -9.8326 -23.2590 28.2900
v -9.8464 -23.2968 27.5763
v -10.3758 -23.2238 27.5521
v -10.8804 -23.1033 28.2414
v -10.8942 -23.1411 27.5278
v -10.9084 -23.1781 26.8144
v -11.4131 -23.0576 27.5038
v -11.9246 -22.9240 28.1923
v -11.9389 -22.9610 27.4790
v -11.9525 -22.9972 26.7659
v -12.4640 -22.8636 27.4545
v -12.9028 -22.7712 27.4341
v -12.9255 -22.8353 26.0085
v -13.3642 -22.7429 25.9882
v -13.7717 -22.6327 26.3200
v -13.7808 -22.6606 25.6075
v -13.7807 -22.6883 24.8004
v -9.0983 -23.2275 30.1580
v -9.1977 -23.2106 30.2122
v -9.3006 -23.1933 30.2595
v -9.4063 -23.1757 30.2997
v -9.5144 -23.1580 30.3327
v -9.8005 -23.1664 29.7131
v -10.3455 -23.1401 28.9771
v -10.0430 -23.0858 30.3081
v -10.1531 -23.0679 30.3341
v -10.2646 -23.0499 30.3530
v -10.3771 -23.0319 30.3648
v -10.4902 -23.0139 30.3696
v -10.6034 -22.9961 30.3673
v -10.8633 -23.0583 28.9524
v -11.3818 -22.9755 28.9281
v -10.8469 -23.0123 29.6638
v -11.1212 -22.9143 30.3427
v -11.2339 -22.8966 30.3334
v -11.3459 -22.8792 30.3170
v -11.4565 -22.8621 30.2935
v -11.5654 -22.8453 30.2630
v -11.6721 -22.8290 30.2255
v -11.7761 -22.8132 30.1810
v -11.9079 -22.8800 28.9032
v -12.4337 -22.7834 28.8784
v -11.8909 -22.8350 29.6142
v -12.3022 -22.7177 30.1560
v -12.4031 -22.7024 30.1044
v -12.5023 -22.6875 30.0449
v -12.8575 -22.6488 29.5687
v -13.3425 -22.6796 27.4137
v -12.8734 -22.6918 28.8580
v -13.3139 -22.6012 28.8374
v -13.5694 -22.5573 28.6268
v -13.6183 -22.5527 28.5208
v -13.7719 -22.5943 27.1267
v -14.1885 -22.5120 26.7460
v -13.7592 -22.5589 27.8397
v -13.3777 -22.7874 24.7188
v -13.7518 -22.7217 23.9081
v -13.7262 -22.7305 23.7988
v -13.3839 -22.8158 23.6084
v -12.9326 -22.9319 22.5757
v -12.5154 -23.0220 22.5461
v -11.9941 -23.1205 22.5698
v -11.9946 -23.1279 22.0208
v -11.8901 -23.1509 21.6292
v -11.7829 -23.1718 21.5778
v -11.6725 -23.1927 21.5338
v -11.5594 -23.2135 21.4974
v -11.4723 -23.2289 21.5013
v -11.2874 -23.2605 21.4436
v -10.9547 -23.3136 21.5240
v -9.9460 -23.4698 21.0239
v -10.9550 -23.3110 22.0674
v -10.4364 -23.3982 21.5469
v -9.9463 -23.4673 21.5674
v -9.4170 -23.5414 21.5898
v -9.9074 -23.4697 22.1127
v -9.9050 -23.4622 22.6625
v -9.3757 -23.5364 22.6849
v -8.8364 -23.6004 22.7067
v -8.8339 -23.5929 23.2565
v -8.8294 -23.5803 23.8112
v -8.2901 -23.6443 23.8331
v -7.7907 -23.7052 23.4080
v -7.7862 -23.6926 23.9628
v -7.7392 -23.6874 24.3565
v -9.2957 -23.5569 21.6410
v -9.1786 -23.5713 21.7013
v -9.0662 -23.5846 21.7703
v -8.8391 -23.6079 22.1566
v -8.2973 -23.6644 22.7282
v -7.9876 -23.6946 22.9176
v -8.2793 -23.6140 24.9459
v -7.7330 -23.6697 24.9145
v -7.1926 -23.6495 26.7456
v -7.1928 -23.7156 25.1321
v -7.7329 -23.6422 25.7215
v -7.7226 -23.5733 27.2422
v -8.2401 -23.4971 27.6467
v -8.2629 -23.5660 26.2181
v -7.7227 -23.6120 26.4356
v -8.7787 -23.4334 27.6237
v -9.3165 -23.3703 27.6001
v -9.8597 -23.3350 26.8622
v -8.7913 -23.4722 26.9091
v -8.8122 -23.5323 25.4814
v -8.8020 -23.5021 26.1955
v -9.3406 -23.4385 26.1724
v -9.3687 -23.5163 23.7890
v -8.8249 -23.5677 24.3656
v -8.8186 -23.5499 24.9237
v -9.3578 -23.4860 24.9011
v -10.4005 -23.2911 26.1252
v -10.9194 -23.2076 26.1012
v -9.8706 -23.3646 26.1491
v -9.8814 -23.3945 25.4354
v -9.8877 -23.4120 24.8781
v -9.8942 -23.4297 24.3204
v -10.4178 -23.3381 24.8547
v -10.4347 -23.3881 22.6397
v -9.9029 -23.4547 23.2119
v -9.8984 -23.4421 23.7663
v -10.4284 -23.3681 23.7432
v -11.4384 -23.1236 26.0776
v -11.9636 -23.0262 26.0531
v -10.9304 -23.2366 25.3884
v -10.9368 -23.2541 24.8310
v -10.9431 -23.2713 24.2739
v -10.9474 -23.2838 23.7198
v -11.4557 -23.1698 24.8076
v -11.9925 -23.1131 23.1190
v -11.4717 -23.2190 22.5937
v -10.9534 -23.3036 22.6166
v -10.9514 -23.2961 23.1660
v -11.4661 -23.1992 23.6967
v -12.4879 -22.9282 26.0288
v -12.9401 -22.8803 24.7390
v -11.9738 -23.0546 25.3404
v -11.9801 -23.0718 24.7833
v -12.9473 -22.9091 23.6286
v -12.5120 -23.0025 23.6487
v -11.9855 -23.0887 24.2264
v -11.9895 -23.1010 23.6726
v -12.5035 -22.9735 24.7592
v 6.6947 -23.6704 27.2105
v 6.6892 -23.6782 27.0751
v 6.1865 -23.7431 26.5556
v 6.6893 -23.7151 26.2686
v 7.2010 -23.6791 26.0849
v 6.6983 -23.7440 25.5654
v 6.1867 -23.8057 24.9420
v 6.6984 -23.7697 24.7584
v 7.2155 -23.7245 24.8440
v 6.7039 -23.7862 24.2207
v 6.7061 -23.7927 23.9529
v 7.7331 -23.6902 24.2868
v 7.7353 -23.6966 24.0191
v 7.7376 -23.7031 23.7515
v 8.7502 -23.5802 24.2467
v 8.7525 -23.5866 23.9791
v 8.7548 -23.5931 23.7118
v 9.7515 -23.4531 24.2046
v 9.7538 -23.4595 23.9372
v 9.7561 -23.4659 23.6700
v 12.2382 -23.0764 22.5557
v 11.9615 -23.1310 22.5112
v 11.6814 -23.1816 22.5238
v 11.3954 -23.2426 21.5389
v 11.2993 -23.2591 21.4890
v 11.0156 -23.3065 21.5016
v 10.8342 -23.3363 21.5096
v 10.5474 -23.3804 21.5219
v 9.7643 -23.4949 21.0314
v 8.7644 -23.6219 21.0716
v 8.2594 -23.6788 21.6154
v 8.0933 -23.6962 21.6216
v 7.9970 -23.7059 21.6823
v 7.9050 -23.7147 21.7494
v 7.8177 -23.7228 21.8226
v 7.7464 -23.7273 22.1583
v 7.7395 -23.7083 23.4848
v 7.2316 -23.7711 22.7072
v 6.9451 -23.7949 22.8136
v 6.8910 -23.7981 22.9145
v 6.7687 -23.8029 23.2344
v 6.7403 -23.7977 23.6123
v 6.7421 -23.8029 23.3455
v 6.7212 -23.7968 23.7249
v 6.7098 -23.7952 23.8387
v 12.9084 -22.8943 24.5980
v 12.6259 -22.9533 24.6111
v 12.7466 -22.9285 24.6055
v 12.2269 -23.0318 24.6295
v 12.5049 -22.9779 24.6167
v 11.6678 -23.1361 24.6553
v 11.9482 -23.0857 24.6424
v 11.1029 -23.2336 24.6811
v 11.3874 -23.1863 24.6682
v 10.5302 -23.3249 24.7069
v 10.8183 -23.2807 24.6941
v 9.7454 -23.4369 24.7413
v 10.2418 -23.3690 24.7199
v 8.7442 -23.5638 24.7837
v 9.2491 -23.5046 24.7631
v 9.7395 -23.4205 25.2783
v 7.7218 -23.6572 25.3619
v 7.7273 -23.6737 24.8242
v 8.2395 -23.6229 24.8047
v 8.7384 -23.5473 25.3211
v 13.1850 -22.7573 26.5556
v 12.7324 -22.8861 25.8429
v 12.6115 -22.9107 25.8485
v 12.9539 -22.8271 26.1465
v 12.9540 -22.7893 26.9532
v 12.7101 -22.8248 27.2462
v 12.4904 -22.9352 25.8542
v 12.2117 -22.9890 25.8671
v 12.5890 -22.8493 27.2518
v 12.4678 -22.8735 27.2575
v 12.6656 -22.7697 28.3791
v 12.5998 -22.7746 28.5117
v 12.4388 -22.7968 28.6597
v 12.1589 -22.8500 28.6729
v 11.8785 -22.9026 28.6861
v 11.5984 -22.9520 28.6993
v 11.3715 -23.1426 25.9061
v 11.0869 -23.1898 25.9191
v 11.6281 -23.0301 27.2967
v 11.3480 -23.0795 27.3099
v 10.8022 -23.2367 25.9323
v 10.5138 -23.2807 25.9453
v 11.0633 -23.1264 27.3231
v 11.7429 -22.8479 29.8346
v 11.3186 -23.0009 28.7126
v 11.4632 -22.8967 29.8479
v 11.3480 -22.9113 29.9185
v 11.2278 -22.9269 29.9799
v 10.9432 -22.9729 29.9934
v 10.8186 -22.9892 30.0452
v 10.6905 -23.0061 30.0866
v 10.5597 -23.0235 30.1177
v 10.2712 -23.0667 30.1313
v 10.4607 -23.1370 28.7529
v 10.1721 -23.1802 28.7665
v 9.6768 -23.2471 28.7890
v 9.6927 -23.2912 28.0882
v 9.2330 -23.4597 26.0023
v 8.7282 -23.5189 26.0233
v 9.7054 -23.3278 27.3851
v 9.2101 -23.3947 27.4077
v 7.7030 -23.5996 26.7678
v 7.7121 -23.6285 26.0646
v 8.2239 -23.5777 26.0448
v 8.7058 -23.4536 27.4291
v 8.7185 -23.4901 26.7260
v 10.1384 -23.0846 30.1522
v 10.0045 -23.1028 30.1629
v 9.8701 -23.1213 30.1636
v 9.6618 -23.2023 29.4903
v 9.1823 -23.3133 28.8120
v 9.3756 -23.1875 30.1865
v 9.2416 -23.2061 30.1772
v 9.1086 -23.2248 30.1580
v 8.9775 -23.2435 30.1290
v 8.8490 -23.2621 30.0902
v 8.6647 -23.3266 29.5355
v 8.3463 -23.3201 30.1126
v 8.2212 -23.3386 30.0641
v 8.1001 -23.3567 30.0061
v 7.6530 -23.4344 29.5792
v 6.6837 -23.6332 27.9145
v 7.1808 -23.6129 27.4921
v 7.6659 -23.4801 28.8770
v 7.1569 -23.5300 28.8983
v 7.0054 -23.5512 28.7933
v 7.6910 -23.5626 27.4713
v 8.6937 -23.4166 28.1326
v 8.2022 -23.5121 27.4510
v 8.6787 -23.3718 28.8338
v 8.1761 -23.4298 28.8562
v 7.6800 -23.5254 28.1753
v 6.9319 -23.5655 28.6800
v 6.8669 -23.5791 28.5614
v 6.7001 -23.6243 28.0487
v 8.7567 -23.5983 23.4452
v 8.2562 -23.6697 22.6693
v 7.7439 -23.7204 22.6881
v 7.7413 -23.7136 23.2182
v 9.7580 -23.4711 23.4036
v 8.7611 -23.6105 22.6490
v 8.7586 -23.6036 23.1787
v 9.2684 -23.5605 21.5758
v 8.7641 -23.6196 21.5954
v 8.7634 -23.6174 22.1196
v 9.2658 -23.5513 22.6290
v 9.7598 -23.4764 23.1373
v 9.7621 -23.4833 22.6079
v 10.2601 -23.4246 21.5344
v 9.7645 -23.4926 21.5550
v 9.7641 -23.4903 22.0788
v 10.2582 -23.4153 22.5871
v 10.8333 -23.3269 22.5619
v 10.5459 -23.3711 22.5744
v 11.4012 -23.2322 22.5365
v 11.1174 -23.2796 22.5492
v 10.2252 -23.3246 25.9585
v 9.7289 -23.3923 25.9802
v 10.2013 -23.2604 27.3630
v 9.7187 -23.3639 26.6825
v 10.7785 -23.1729 27.3364
v 11.0339 -23.0474 28.7260
v 10.7493 -23.0935 28.7395
v 10.4899 -23.2168 27.3496
v 11.9323 -23.0425 25.8801
v 11.6519 -23.0928 25.8930
v 12.1884 -22.9271 27.2705
v 11.9085 -22.9803 27.2836
v -7.6716 -23.8160 16.1582
v -1.8098 -24.1934 17.7892
v -1.2629 -24.2021 17.7941
v -0.8340 -24.2046 17.7636
v -0.2851 -24.2074 17.7653
v 0.1449 -24.2075 17.7551
v 0.6938 -24.2047 17.7534
v 1.1236 -24.2024 17.7636
v 1.5522 -24.1975 17.7941
v 2.0992 -24.1888 17.7892
v 2.5258 -24.1809 17.8399
v 3.0699 -24.1658 17.8320
v 8.0336 -23.8059 16.7038
v 8.4735 -23.7343 16.1414
v 8.5901 -23.7102 15.9506
v 7.2181 -23.6348 30.1498
v 7.9017 -23.5260 30.6567
v 8.0635 -23.5025 30.7147
v -2.6862 -23.1567 8.9641
v -1.7695 -23.1748 8.9746
v -2.3814 -23.0915 8.5311
v -1.7886 -23.4647 11.0188
v -1.7868 -23.4294 10.7422
v -2.7121 -23.4104 10.7316
v -2.7165 -23.4455 11.0082
v -1.7859 -23.4118 10.6039
v -2.7112 -23.3928 10.5933
v -1.7836 -23.3932 10.4668
v -2.7089 -23.3742 10.4563
v -2.7042 -23.3371 10.1822
v -1.7817 -23.3558 10.1928
v -2.3229 -23.9598 17.2022
v -2.7698 -23.9383 16.9839
v -1.8242 -23.9595 16.9953
v -2.7688 -23.9298 16.8103
v -1.8231 -23.9511 16.8217
v -1.8223 -23.9341 16.4743
v -2.7667 -23.9130 16.4630
v -1.8219 -23.9256 16.3006
v -2.7663 -23.9045 16.2894
v -1.8207 -23.9158 16.1288
v -2.7651 -23.8948 16.1175
v -2.7626 -23.8753 15.7738
v -1.8197 -23.8962 15.7849
v -2.7622 -23.8655 15.6019
v -1.8192 -23.8864 15.6130
v -2.7608 -23.8545 15.4317
v -2.7580 -23.8324 15.0915
v -1.8178 -23.8753 15.4429
v -1.8167 -23.8531 15.1026
v -2.7574 -23.8212 14.9213
v -1.8161 -23.8419 14.9324
v -2.7558 -23.8089 14.7530
v -1.8145 -23.8295 14.7640
v -2.7527 -23.7842 14.4162
v -1.8132 -23.8046 14.4271
v -2.7521 -23.7717 14.2477
v -1.8126 -23.7921 14.2587
v -2.7503 -23.7580 14.0811
v -1.8109 -23.7784 14.0920
v -2.7468 -23.7306 13.7478
v -1.8094 -23.7508 13.7586
v -1.7908 -23.4822 11.1571
v -2.7187 -23.4630 11.1465
v -2.7461 -23.7168 13.5810
v -1.8087 -23.7370 13.5919
v -2.7442 -23.7017 13.4161
v -2.7404 -23.6716 13.0862
v -1.8068 -23.7219 13.4270
v -1.8052 -23.6916 13.0970
v -2.7396 -23.6564 12.9212
v -1.8045 -23.6764 12.9320
v -2.7375 -23.6400 12.7580
v -2.7333 -23.6072 12.4315
v -1.8024 -23.6600 12.7687
v -1.8007 -23.6269 12.4422
v -2.7325 -23.5907 12.2682
v -1.7998 -23.6104 12.2789
v -2.7305 -23.5753 12.1273
v -2.7266 -23.5445 11.8457
v -1.7979 -23.5950 12.1381
v -1.7963 -23.5639 11.8563
v -2.7258 -23.5289 11.7048
v -1.7955 -23.5484 11.7154
v -1.7917 -23.4988 11.2967
v -2.7237 -23.5125 11.5652
v -2.7196 -23.4796 11.2861
v -1.7934 -23.5319 11.5759
v -2.6883 -23.1973 9.2344
v -1.7757 -23.2967 9.7855
v -2.6933 -23.2377 9.5047
v -1.7716 -23.2155 9.2449
v -1.7736 -23.2561 9.5152
v -2.7033 -23.3184 10.0452
v -1.7807 -23.3371 10.0557
v -2.6983 -23.2780 9.7749
v -8.4891 -23.4031 28.7057
v -8.4745 -23.3558 29.4180
v -9.0270 -23.3399 28.6821
v -9.0113 -23.2932 29.3939
v -9.5444 -23.2255 29.3698
v -10.0894 -23.1992 28.6337
v -9.5600 -23.2722 28.6580
v -9.5748 -23.3144 27.9453
v -10.1180 -23.2792 27.2074
v -10.1042 -23.2414 27.9210
v -10.0730 -23.1533 29.3451
v -8.5031 -23.4459 27.9925
v -9.0543 -23.4210 27.2549
v -9.0410 -23.3827 27.9689
v -9.5881 -23.3527 27.2312
v -8.5157 -23.4846 27.2779
v -8.5376 -23.5491 25.8498
v -8.5273 -23.5189 26.5638
v -9.0767 -23.4852 25.8272
v -9.0659 -23.4553 26.5408
v -10.1301 -23.3131 26.4937
v -9.6003 -23.3866 26.5176
v -10.1410 -23.3426 25.7806
v -9.6110 -23.4165 25.8039
v -9.1589 -23.3398 31.1215
v 8.6224 -23.3997 31.1867
v 8.7891 -23.3759 31.2287
v 8.3082 -23.4340 31.1773
v 8.8725 -23.3640 31.2497
v 10.8951 -23.0872 31.1536
v 10.9762 -23.0765 31.1249
v 11.1384 -23.0551 31.0674
v 11.2422 -23.0396 31.0393
vt 0.5 0.5
vn -0.1514 0.0425 -0.9876
vn -0.0235 -0.9986 -0.0479
vn -0.1515 0.0424 -0.9876
vn -0.0297 -0.9987 -0.0423
vn -0.0304 -0.9985 -0.0464
vn -0.0742 0.0390 -0.9965
vn -0.0372 -0.9984 -0.0424
vn -0.0428 -0.9981 -0.0449
vn -0.0415 -0.9983 -0.0413
vn 0.0229 0.0348 -0.9991
vn -0.0467 -0.9980 -0.0417
vn 0.1197 0.0305 -0.9923
vn -0.0510 -0.9978 -0.0423
vn 0.2162 0.0234 -0.9761
vn -0.0556 -0.9974 -0.0455
vn -0.0548 -0.9971 -0.0520
vn -0.0680 -0.9964 -0.0516
vn -0.0671 -0.9959 -0.0599
vn -0.0817 -0.9949 -0.0595
vn -0.0814 -0.9944 -0.0679
vn -0.0921 -0.9934 -0.0682
vn -0.0931 -0.9927 -0.0763
vn -0.0994 -0.9924 -0.0732
vn 0.9435 -0.0836 -0.3208
vn -0.0580 -0.9974 -0.0421
vn 0.3109 0.0091 -0.9504
vn -0.0622 -0.9971 -0.0437
vn 0.4012 -0.0108 -0.9159
vn -0.0663 -0.9967 -0.0464
vn -0.0709 -0.9966 -0.0417
vn 0.4860 -0.0305 -0.8734
vn -0.0739 -0.9961 -0.0483
vn 0.5654 -0.0464 -0.8235
vn -0.0775 -0.9958 -0.0486
vn 0.6396 -0.0561 -0.7667
vn -0.0798 -0.9954 -0.0531
vn -0.0858 -0.9950 -0.0504
vn 0.7088 -0.0596 -0.7029
vn -0.0869 -0.9946 -0.0565
vn 0.7726 -0.0586 -0.6322
vn -0.0891 -0.9943 -0.0587
vn 0.8301 -0.0573 -0.5546
vn -0.0900 -0.9940 -0.0626
vn -0.0971 -0.9932 -0.0640
vn 0.8802 -0.0609 -0.4707
vn -0.0989 -0.9927 -0.0685
vn 0.9157 -0.0692 -0.3959
vn -0.0933 -0.9921 -0.0842
vn -0.0930 -0.9913 -0.0934
vn -0.0918 -0.9905 -0.1026
vn -0.0900 -0.9898 -0.1109
vn -0.0877 -0.9890 -0.1190
vn -0.0752 -0.9888 -0.1289
vn -0.0715 -0.9877 -0.1390
vn -0.0598 -0.9883 -0.1405
vn -0.0477 -0.9873 -0.1517
vn -0.0350 -0.9872 -0.1556
vn -0.0240 -0.9874 -0.1565
vn -0.0105 -0.9876 -0.1568
vn -0.0015 -0.9873 -0.1588
vn -0.0016 -0.9897 -0.1430
vn 0.0056 -0.9874 -0.1579
vn 0.0076 -0.9898 -0.1420
vn 0.0158 -0.9877 -0.1556
vn 0.0165 -0.9900 -0.1404
vn 0.0262 -0.9896 -0.1414
vn 0.0277 -0.9911 -0.1304
vn 0.0401 -0.9907 -0.1299
vn 0.0406 -0.9918 -0.1213
vn 0.0547 -0.9912 -0.1207
vn 0.0554 -0.9921 -0.1123
vn 0.0691 -0.9914 -0.1111
vn 0.0699 -0.9923 -0.1022
vn 0.0805 -0.9914 -0.1027
vn 0.0813 -0.9922 -0.0941
vn 0.0914 -0.9913 -0.0947
vn 0.0923 -0.9920 -0.0857
vn 0.1061 -0.9907 -0.0846
vn 0.1047 -0.9916 -0.0761
vn -0.9468 -0.1212 -0.2983
vn 0.1108 -0.9912 -0.0729
vn 0.0274 -0.9877 -0.1542
vn 0.0388 -0.9873 -0.1540
vn 0.0528 -0.9870 -0.1520
vn 0.0777 -0.9873 -0.1382
vn 0.0660 -0.9881 -0.1392
vn 0.0881 -0.9877 -0.1289
vn 0.1000 -0.9879 -0.1189
vn 0.1020 -0.9886 -0.1107
vn 0.1037 -0.9893 -0.1024
vn 0.1048 -0.9901 -0.0931
vn 0.1034 -0.9923 -0.0679
vn -0.9088 -0.1149 -0.4012
vn 0.1102 -0.9916 -0.0679
vn -0.8613 -0.0979 -0.4986
vn 0.1060 -0.9923 -0.0639
vn -0.8129 -0.0765 -0.5774
vn 0.1004 -0.9930 -0.0618
vn 0.0938 -0.9938 -0.0604
vn 0.0938 -0.9932 -0.0684
vn 0.0836 -0.9942 -0.0678
vn 0.0829 -0.9936 -0.0764
vn 0.0721 -0.9945 -0.0758
vn 0.0714 -0.9939 -0.0846
vn 0.0575 -0.9947 -0.0858
vn 0.0568 -0.9939 -0.0949
vn 0.0423 -0.9945 -0.0953
vn 0.0418 -0.9937 -0.1040
vn 0.0290 -0.9941 -0.1044
vn 0.0286 -0.9932 -0.1133
vn 0.0174 -0.9934 -0.1136
vn 0.0171 -0.9924 -0.1221
vn 0.0074 -0.9935 -0.1138
vn 0.0072 -0.9925 -0.1223
vn -0.0017 -0.9935 -0.1139
vn -0.0016 -0.9925 -0.1224
vn -0.0119 -0.9925 -0.1219
vn -0.0117 -0.9914 -0.1306
vn -0.0258 -0.9912 -0.1299
vn -0.0255 -0.9896 -0.1415
vn -0.0383 -0.9893 -0.1409
vn -0.7564 -0.0531 -0.6520
vn 0.0976 -0.9936 -0.0564
vn 0.0912 -0.9944 -0.0541
vn 0.0843 -0.9947 -0.0595
vn 0.0837 -0.9951 -0.0525
vn 0.0735 -0.9956 -0.0589
vn 0.0739 -0.9960 -0.0509
vn 0.0593 -0.9964 -0.0601
vn 0.0599 -0.9969 -0.0519
vn 0.0445 -0.9972 -0.0605
vn 0.0450 -0.9976 -0.0523
vn 0.0311 -0.9977 -0.0608
vn 0.0315 -0.9981 -0.0526
vn 0.0191 -0.9980 -0.0611
vn 0.0193 -0.9984 -0.0529
vn 0.0083 -0.9986 -0.0531
vn 0.0084 -0.9988 -0.0486
vn -0.0019 -0.9988 -0.0483
vn 0.0036 -0.9988 -0.0481
vn 0.0096 0.0385 -0.9992
vn -0.0243 0.0412 -0.9989
vn -0.0014 -0.9991 -0.0434
vn -0.7033 -0.0364 -0.7100
vn 0.0948 -0.9942 -0.0511
vn -0.6420 -0.0247 -0.7663
vn 0.0883 -0.9949 -0.0491
vn -0.5637 -0.0178 -0.8258
vn 0.0817 -0.9955 -0.0472
vn 0.0722 -0.9963 -0.0461
vn 0.0601 -0.9972 -0.0449
vn 0.0450 -0.9980 -0.0454
vn 0.0324 -0.9984 -0.0468
vn 0.0193 -0.9987 -0.0481
vn 0.0135 -0.9988 -0.0477
vn 0.0654 0.0317 -0.9974
vn 0.0083 -0.9990 -0.0441
vn 0.0296 0.0315 -0.9991
vn -0.4806 -0.0189 -0.8768
vn 0.0783 -0.9961 -0.0416
vn -0.3797 -0.0229 -0.9248
vn 0.0711 -0.9965 -0.0430
vn -0.2743 -0.0207 -0.9614
vn 0.0668 -0.9968 -0.0432
vn -0.1827 -0.0105 -0.9831
vn 0.0605 -0.9974 -0.0398
vn -0.0892 0.0052 -0.9960
vn 0.0539 -0.9977 -0.0421
vn 0.0065 0.0230 -0.9997
vn 0.0494 -0.9979 -0.0414
vn 0.0439 -0.9982 -0.0412
vn 0.1040 0.0377 -0.9939
vn 0.0386 -0.9983 -0.0440
vn 0.1555 0.0435 -0.9869
vn 0.0329 -0.9985 -0.0426
vn 0.1629 0.0329 -0.9861
vn 0.0277 -0.9986 -0.0446
vn 0.1364 0.0428 -0.9897
vn 0.0239 -0.9987 -0.0459
vn 0.1143 0.0322 -0.9929
vn 0.0176 -0.9989 -0.0444
vn 0.0859 0.0402 -0.9955
vn -0.0631 0.0454 -0.9970
vn -0.0073 -0.9990 -0.0449
vn -0.0131 -0.9988 -0.0482
vn -0.0136 -0.9985 -0.0527
vn -0.0294 -0.9982 -0.0529
vn -0.0290 -0.9977 -0.0611
vn -0.0424 -0.9973 -0.0605
vn -0.0419 -0.9967 -0.0689
vn -0.0537 -0.9962 -0.0686
vn -0.0531 -0.9956 -0.0772
vn -0.0658 -0.9949 -0.0768
vn -0.0651 -0.9942 -0.0856
vn -0.0799 -0.9932 -0.0852
vn -0.0790 -0.9924 -0.0942
vn -0.1074 0.0440 -0.9932
vn -0.0148 -0.9989 -0.0445
vn -0.0429 -0.9977 -0.0523
vn -0.0543 -0.9967 -0.0602
vn -0.0665 -0.9955 -0.0682
vn -0.0806 -0.9938 -0.0764
vn -0.0286 -0.9972 -0.0695
vn -0.0134 -0.9981 -0.0609
vn -0.0132 -0.9975 -0.0693
vn -0.0018 -0.9981 -0.0613
vn -0.0018 -0.9976 -0.0697
vn 0.0080 -0.9975 -0.0697
vn 0.0079 -0.9969 -0.0783
vn 0.0186 -0.9968 -0.0781
vn 0.0183 -0.9960 -0.0870
vn 0.0304 -0.9965 -0.0778
vn 0.0299 -0.9958 -0.0867
vn 0.0435 -0.9960 -0.0774
vn 0.0429 -0.9953 -0.0863
vn 0.0581 -0.9953 -0.0770
vn -0.0283 -0.9965 -0.0782
vn -0.0130 -0.9969 -0.0779
vn -0.0018 -0.9969 -0.0783
vn 0.0078 -0.9962 -0.0872
vn 0.0180 -0.9952 -0.0960
vn 0.0295 -0.9950 -0.0957
vn -0.0414 -0.9961 -0.0775
vn -0.0409 -0.9954 -0.0863
vn -0.0279 -0.9958 -0.0870
vn -0.0403 -0.9946 -0.0954
vn -0.0274 -0.9950 -0.0961
vn -0.0398 -0.9938 -0.1040
vn -0.0277 -0.9942 -0.1044
vn -0.0392 -0.9928 -0.1129
vn -0.0266 -0.9933 -0.1129
vn -0.0387 -0.9919 -0.1213
vn -0.0262 -0.9923 -0.1213
vn -0.0381 -0.9908 -0.1299
vn -0.0128 -0.9961 -0.0868
vn -0.0017 -0.9962 -0.0872
vn 0.0076 -0.9953 -0.0962
vn 0.0177 -0.9943 -0.1047
vn -0.0126 -0.9953 -0.0958
vn -0.0017 -0.9954 -0.0963
vn 0.0075 -0.9945 -0.1049
vn -0.0124 -0.9944 -0.1046
vn -0.0017 -0.9945 -0.1050
vn -0.0121 -0.9935 -0.1135
vn -0.0123 -0.9899 -0.1410
vn -0.0016 -0.9914 -0.1310
vn 0.0071 -0.9914 -0.1310
vn 0.0168 -0.9913 -0.1307
vn 0.0282 -0.9922 -0.1217
vn 0.0412 -0.9928 -0.1128
vn 0.0561 -0.9930 -0.1035
vn 0.0706 -0.9931 -0.0936
vn 0.0821 -0.9930 -0.0852
vn 0.0931 -0.9927 -0.0769
vn -0.0019 -0.9986 -0.0531
vn -0.0525 -0.9949 -0.0860
vn -0.0519 -0.9941 -0.0950
vn -0.0512 -0.9933 -0.1037
vn -0.0506 -0.9924 -0.1125
vn -0.0499 -0.9914 -0.1209
vn -0.0492 -0.9904 -0.1295
vn -0.0503 -0.9888 -0.1408
vn -0.0644 -0.9934 -0.0946
vn -0.0646 -0.9926 -0.1032
vn -0.0639 -0.9917 -0.1120
vn -0.0631 -0.9907 -0.1204
vn -0.0623 -0.9897 -0.1290
vn -0.0772 -0.9917 -0.1028
vn -0.0764 -0.9908 -0.1116
vn -0.0756 -0.9899 -0.1200
vn 0.0082 -0.9981 -0.0613
vn 0.0188 -0.9974 -0.0695
vn 0.0308 -0.9971 -0.0692
vn 0.0440 -0.9967 -0.0688
vn 0.0588 -0.9959 -0.0684
vn 0.0728 -0.9951 -0.0673
vn 0.0383 -0.9893 -0.1409
vn 0.0540 -0.9901 -0.1293
vn 0.0683 -0.9905 -0.1194
vn 0.0796 -0.9906 -0.1116
vn 0.0906 -0.9905 -0.1033
vn 0.0519 -0.9887 -0.1404
vn 0.0675 -0.9895 -0.1280
vn 0.0788 -0.9897 -0.1199
vn 0.0897 -0.9897 -0.1120
vn 0.0779 -0.9886 -0.1285
vn 0.0888 -0.9887 -0.1204
vn -0.9935 0.0942 -0.0639
vn -0.1227 -0.9910 0.0544
vn -0.9856 0.0882 -0.1440
vn -0.1226 -0.9910 0.0544
vn -0.9957 0.0917 -0.0096
vn -0.1012 -0.9935 0.0527
vn -0.9761 0.0760 -0.2035
vn -0.1229 -0.9909 0.0544
vn -0.9628 0.0715 -0.2604
vn -0.1038 -0.9928 0.0601
vn -0.9402 0.0555 -0.3360
vn -0.1280 -0.9904 0.0530
vn -0.9200 0.0377 -0.3901
vn -0.1292 -0.9902 0.0526
vn -0.8969 0.0324 -0.4410
vn -0.1306 -0.9901 0.0520
vn -0.8606 0.0189 -0.5089
vn -0.1051 -0.9923 0.0652
vn -0.1105 -0.9920 0.0610
vn -0.8323 0.0055 -0.5543
vn -0.1089 -0.9917 0.0680
vn -0.1159 -0.9908 0.0703
vn -0.7985 0.0053 -0.6020
vn -0.1082 -0.9916 0.0708
vn -0.7496 0.0014 -0.6619
vn -0.1078 -0.9914 0.0744
vn -0.7147 -0.0050 -0.6994
vn -0.1107 -0.9910 0.0755
vn -0.6693 -0.0011 -0.7430
vn -0.1162 -0.9905 0.0737
vn -0.6084 -0.0002 -0.7937
vn -0.1228 -0.9900 0.0699
vn -0.5661 -0.0054 -0.8243
vn -0.1200 -0.9900 0.0740
vn -0.1284 -0.9891 0.0724
vn -0.1290 -0.9897 0.0616
vn -0.1512 -0.9865 0.0622
vn -0.1519 -0.9871 0.0502
vn -0.1716 -0.9833 0.0603
vn -0.1726 -0.9838 0.0485
vn -0.1980 -0.9785 0.0585
vn -0.1994 -0.9788 0.0469
vn -0.2153 -0.9754 0.0468
vn -0.2170 -0.9755 0.0363
vn -0.2333 -0.9716 0.0402
vn -0.5114 -0.0055 -0.8593
vn -0.1248 -0.9891 0.0776
vn -0.4412 -0.0140 -0.8973
vn -0.1284 -0.9886 0.0784
vn -0.3906 -0.0296 -0.9201
vn -0.1326 -0.9881 0.0785
vn -0.3350 -0.0390 -0.9414
vn -0.1369 -0.9875 0.0777
vn -0.2622 -0.0593 -0.9632
vn -0.1394 -0.9872 0.0777
vn -0.1490 -0.9861 0.0737
vn -0.2104 -0.0796 -0.9744
vn -0.1433 -0.9865 0.0793
vn -0.1545 -0.0891 -0.9840
vn -0.1473 -0.9858 0.0800
vn -0.1515 -0.9852 0.0800
vn -0.0800 -0.1059 -0.9912
vn -0.1553 -0.9847 0.0793
vn -0.0301 -0.1210 -0.9922
vn -0.1590 -0.9842 0.0782
vn 0.0296 -0.1252 -0.9917
vn -0.1684 -0.9831 0.0718
vn -0.1621 -0.9836 0.0786
vn 0.1056 -0.1322 -0.9856
vn -0.1662 -0.9829 0.0790
vn 0.1534 -0.1397 -0.9782
vn -0.1704 -0.9822 0.0788
vn 0.2165 -0.1397 -0.9662
vn -0.1750 -0.9815 0.0777
vn 0.2925 -0.1410 -0.9458
vn -0.1795 -0.9808 0.0757
vn 0.3396 -0.1466 -0.9291
vn -0.1824 -0.9804 0.0747
vn 0.4013 -0.1494 -0.9037
vn -0.1940 -0.9786 0.0684
vn -0.1888 -0.9791 0.0754
vn 0.4723 -0.1579 -0.8672
vn -0.1939 -0.9781 0.0751
vn 0.5167 -0.1703 -0.8390
vn -0.1987 -0.9773 0.0735
vn 0.5696 -0.1766 -0.8027
vn -0.2023 -0.9767 0.0711
vn 0.6315 -0.1909 -0.7515
vn -0.2046 -0.9764 0.0695
vn -0.2117 -0.9751 0.0656
vn -0.2148 -0.9750 0.0577
vn -0.2209 -0.9749 0.0271
vn -0.2188 -0.9756 0.0184
vn -0.2012 -0.9794 0.0175
vn -0.1991 -0.9799 0.0108
vn -0.1742 -0.9847 0.0095
vn -0.1696 -0.9855 0.0042
vn -0.1701 -0.9854 0.0016
vn -0.1610 -0.9869 0.0066
vn 0.1248 -0.0238 0.9919
vn -0.1578 -0.9875 0.0062
vn 0.0407 -0.0142 0.9991
vn -0.1535 -0.9881 0.0060
vn -0.1541 -0.9880 -0.0017
vn -0.0434 -0.0026 0.9991
vn -0.1493 -0.9888 -0.0009
vn -0.1451 -0.9894 -0.0005
vn -0.1270 0.0115 0.9918
vn -0.1490 -0.9888 -0.0052
vn -0.2100 0.0277 0.9773
vn -0.1418 -0.9898 0.0148
vn -0.3383 0.0453 0.9399
vn -0.1378 -0.9904 0.0065
vn -0.1488 -0.9888 0.0102
vn -0.1269 -0.9919 0.0109
vn -0.1289 -0.9915 0.0188
vn -0.1115 -0.9936 0.0182
vn -0.1102 -0.9935 0.0270
vn -0.0997 -0.9946 0.0295
vn -0.2724 0.0353 0.9615
vn -0.1537 -0.9859 0.0658
vn -0.1130 -0.9935 0.0118
vn -0.1089 -0.9934 0.0370
vn -0.0995 -0.9942 0.0416
vn -0.1082 -0.9929 0.0492
vn -0.1293 -0.9904 0.0495
vn -0.1312 -0.9906 0.0378
vn -0.1292 -0.9912 0.0282
vn -0.1526 -0.9875 0.0395
vn -0.1504 -0.9882 0.0296
vn -0.1504 -0.9884 0.0203
vn -0.1737 -0.9841 0.0381
vn -0.1736 -0.9844 0.0277
vn -0.1738 -0.9846 0.0184
vn -0.2007 -0.9790 0.0367
vn -0.2011 -0.9792 0.0264
vn 0.0861 -0.9948 0.0540
vn 0.9951 0.0731 -0.0661
vn 0.0829 -0.9954 0.0482
vn 0.9971 0.0757 -0.0111
vn 0.0919 -0.9946 0.0487
vn 0.0826 -0.9958 0.0397
vn 0.0912 -0.9951 0.0371
vn 0.0926 -0.9953 0.0281
vn 0.0919 -0.9955 0.0225
vn 0.1100 -0.9935 0.0282
vn 0.1084 -0.9939 0.0226
vn 0.1286 -0.9913 0.0283
vn 0.1269 -0.9917 0.0227
vn 0.1453 -0.9890 0.0282
vn 0.1452 -0.9891 0.0230
vn 0.1579 -0.9871 0.0280
vn 0.1589 -0.9870 0.0225
vn 0.1705 -0.9850 0.0278
vn 0.1716 -0.9849 0.0223
vn 0.1837 -0.9826 0.0275
vn 0.1850 -0.9825 0.0220
vn 0.1940 -0.9806 0.0270
vn 0.1949 -0.9806 0.0214
vn 0.2053 -0.9783 0.0270
vn 0.1961 -0.9805 0.0162
vn 0.1860 -0.9824 0.0165
vn 0.1717 -0.9851 0.0091
vn 0.1584 -0.9873 0.0092
vn 0.1446 -0.9895 0.0027
vn 0.1278 -0.9918 0.0030
vn 0.1090 -0.9940 0.0098
vn 0.0947 -0.9955 0.0106
vn 0.0902 -0.9958 0.0176
vn 0.2143 -0.9762 0.0331
vn 0.2049 -0.9781 0.0362
vn 0.1941 -0.9803 0.0362
vn 0.1844 -0.9822 0.0365
vn 0.1713 -0.9845 0.0369
vn 0.1587 -0.9866 0.0372
vn 0.1454 -0.9887 0.0365
vn 0.1275 -0.9911 0.0375
vn 0.1092 -0.9933 0.0375
vn 0.2115 -0.9766 0.0397
vn 0.2141 -0.9757 0.0456
vn 0.2031 -0.9781 0.0460
vn 0.2023 -0.9777 0.0554
vn 0.1932 -0.9801 0.0462
vn 0.1917 -0.9798 0.0576
vn 0.1893 -0.9798 0.0651
vn 0.1924 -0.9788 0.0699
vn 0.1865 -0.9799 0.0700
vn 0.1806 -0.9812 0.0677
vn 0.1824 -0.9815 0.0582
vn 0.1698 -0.9837 0.0587
vn 0.1707 -0.9842 0.0471
vn 0.1583 -0.9863 0.0474
vn 0.1826 -0.9805 0.0724
vn 0.1776 -0.9814 0.0731
vn 0.1728 -0.9822 0.0738
vn 0.1680 -0.9834 0.0688
vn 0.1674 -0.9830 0.0750
vn 0.1623 -0.9839 0.0755
vn 0.1564 -0.9852 0.0700
vn 0.1570 -0.9846 0.0764
vn 0.1516 -0.9855 0.0766
vn 0.1481 -0.9860 0.0772
vn 0.1436 -0.9871 0.0711
vn 0.1446 -0.9878 0.0585
vn 0.1269 -0.9901 0.0598
vn 0.1271 -0.9907 0.0479
vn 0.1089 -0.9929 0.0480
vn 0.1423 -0.9868 0.0779
vn 0.1378 -0.9874 0.0774
vn 0.1349 -0.9878 0.0772
vn 0.1252 -0.9896 0.0713
vn 0.1303 -0.9884 0.0784
vn 0.1262 -0.9889 0.0785
vn 0.1219 -0.9895 0.0778
vn 0.1180 -0.9901 0.0764
vn 0.1067 -0.9918 0.0704
vn 0.1144 -0.9905 0.0766
vn 0.1099 -0.9910 0.0768
vn 0.1055 -0.9915 0.0756
vn 0.1024 -0.9920 0.0736
vn 0.1004 -0.9924 0.0713
vn 0.0977 -0.9929 0.0680
vn 0.0941 -0.9929 0.0731
vn 0.0910 -0.9933 0.0717
vn 0.0927 -0.9935 0.0665
vn 0.0929 -0.9938 0.0605
vn 0.1089 -0.9922 0.0600
vn 0.0906 -0.9937 0.0654
vn 0.0882 -0.9940 0.0640
vn 0.0863 -0.9943 0.0620
vn 0.0854 -0.9945 0.0600
vn 0.0852 -0.9947 0.0579
vn 0.0856 -0.9948 0.0557
vn 0.1066 -0.9942 0.0169
vn 0.1251 -0.9920 0.0170
vn 0.1264 -0.9919 0.0090
vn 0.1451 -0.9893 0.0170
vn 0.1448 -0.9894 0.0083
vn 0.1599 -0.9870 0.0169
vn 0.1727 -0.9848 0.0167
vn 0.1450 -0.9883 0.0467
vn 0.1576 -0.9857 0.0591
vn 0.1835 -0.9819 0.0467
vn 0.9151 -0.0714 -0.3969
vn 0.8646 -0.0608 -0.4988
vn -0.1056 -0.9931 -0.0514
vn 0.8122 -0.0610 -0.5802
vn -0.0935 -0.9948 -0.0411
vn -0.1001 -0.9939 -0.0464
vn 0.7525 -0.0624 -0.6556
vn -0.0908 -0.9949 -0.0430
vn 0.6866 -0.0607 -0.7245
vn -0.0861 -0.9956 -0.0375
vn -0.0914 -0.9952 -0.0345
vn 0.6153 -0.0531 -0.7865
vn -0.0834 -0.9959 -0.0350
vn 0.5387 -0.0390 -0.8416
vn 0.4571 -0.0201 -0.8892
vn 0.3704 0.0004 -0.9289
vn 0.2787 0.0174 -0.9602
vn 0.1837 0.0271 -0.9826
vn 0.0875 0.0320 -0.9957
vn -0.0095 0.0364 -0.9993
vn -0.1067 0.0407 -0.9935
vn -0.1594 0.0398 -0.9864
vn -0.1354 0.0376 -0.9901
vn -0.0210 -0.9992 -0.0348
vn -0.0899 0.0352 -0.9953
vn -0.0124 -0.9993 -0.0359
vn -0.0441 0.0336 -0.9985
vn -0.0048 -0.9993 -0.0366
vn 0.0025 -0.9993 -0.0367
vn 0.0033 0.0276 -0.9996
vn 0.0101 -0.9993 -0.0363
vn 0.0473 0.0287 -0.9985
vn 0.0183 -0.9992 -0.0357
vn 0.0913 0.0277 -0.9954
vn 0.0270 -0.9990 -0.0348
vn 0.1395 0.0276 -0.9898
vn 0.0360 -0.9988 -0.0325
vn 0.1556 0.0327 -0.9873
vn 0.0728 0.0304 -0.9969
vn -0.0237 0.0133 -0.9996
vn -0.1191 -0.0035 -0.9929
vn 0.0995 -0.9943 -0.0370
vn -0.7018 -0.0382 -0.7114
vn 0.1024 -0.9939 -0.0414
vn -0.7745 -0.0649 -0.6292
vn 0.1077 -0.9930 -0.0479
vn -0.2129 -0.0157 -0.9769
vn -0.3050 -0.0216 -0.9521
vn -0.3813 -0.0242 -0.9241
vn -0.4531 -0.0236 -0.8911
vn -0.5373 -0.0208 -0.8432
vn 0.0922 -0.9951 -0.0358
vn -0.6166 -0.0220 -0.7869
vn 0.1009 -0.9943 -0.0339
vn -0.8285 -0.0876 -0.5531
vn 0.1169 -0.9918 -0.0506
vn -0.8751 -0.1058 -0.4723
vn 0.1183 -0.9915 -0.0540
vn -0.9085 -0.1166 -0.4013
vn -0.9369 -0.1224 -0.3275
vn 0.6044 -0.1772 -0.7767
vn 0.5244 -0.1620 -0.8359
vn 0.4423 -0.1485 -0.8845
vn 0.3509 -0.1400 -0.9259
vn 0.2610 -0.1364 -0.9556
vn 0.1647 -0.1317 -0.9775
vn 0.0725 -0.1249 -0.9895
vn -0.0229 -0.1112 -0.9935
vn -0.1147 -0.0927 -0.9891
vn -0.2071 -0.0690 -0.9759
vn -0.2972 -0.0431 -0.9539
vn -0.3869 -0.0202 -0.9219
vn -0.1255 -0.9878 0.0921
vn -0.4733 -0.0032 -0.8809
vn -0.1181 -0.9888 0.0913
vn -0.5586 0.0031 -0.8294
vn -0.6355 0.0045 -0.7721
vn -0.7088 0.0052 -0.7054
vn -0.7725 0.0083 -0.6349
vn -0.8301 0.0171 -0.5574
vn -0.8790 0.0313 -0.4758
vn -0.9197 0.0498 -0.3894
vn -0.9520 0.0702 -0.2978
vn -0.9754 0.0867 -0.2028
vn -0.9897 0.0980 -0.1043
vn -0.9953 0.0948 -0.0186
vn -0.3737 0.0587 0.9257
vn -0.2760 0.0419 0.9603
vn -0.1775 0.0261 0.9838
vn -0.0875 0.0143 0.9961
vn 0.0026 0.0009 1.0000
vn 0.0922 -0.0140 0.9956
vn 0.9968 0.0776 -0.0186
vn 0.0838 -0.9933 0.0793
vn 0.0852 -0.9929 0.0829
vn 0.1019 -0.9908 0.0895
vn 0.1041 -0.9893 0.1027
vn 0.1094 -0.9896 0.0931
vn 0.1217 -0.9882 0.0928
vn 0.1574 -0.9833 0.0909
vn 0.1668 -0.9820 0.0891
vn 0.1771 -0.9803 0.0879
vn 0.1732 -0.9809 0.0886
vn 0.1819 -0.9795 0.0866
vn -0.0247 -0.9985 -0.0480
vn -0.0376 -0.9983 -0.0450
vn -0.0492 -0.9979 -0.0429
vn -0.0492 -0.9978 -0.0448
vn -0.0489 -0.9976 -0.0482
vn -0.0614 -0.9970 -0.0478
vn -0.0611 -0.9968 -0.0519
vn -0.0608 -0.9966 -0.0559
vn -0.0742 -0.9957 -0.0556
vn -0.0739 -0.9955 -0.0597
vn -0.0735 -0.9952 -0.0638
vn -0.0879 -0.9941 -0.0635
vn -0.0872 -0.9936 -0.0720
vn -0.0616 -0.9970 -0.0464
vn -0.0750 -0.9960 -0.0491
vn -0.0745 -0.9958 -0.0527
vn -0.0882 -0.9942 -0.0619
vn -0.1000 -0.9911 -0.0884
vn -0.0989 -0.9902 -0.0982
vn -0.0662 -0.9873 -0.1445
vn -0.0637 -0.9872 -0.1461
vn -0.0579 -0.9875 -0.1467
vn -0.0416 -0.9875 -0.1521
vn -0.0313 -0.9879 -0.1519
vn -0.0298 -0.9863 -0.1620
vn -0.0192 -0.9866 -0.1620
vn -0.0178 -0.9877 -0.1551
vn -0.0168 -0.9866 -0.1621
vn -0.0124 -0.9861 -0.1656
vn -0.0083 -0.9860 -0.1665
vn -0.0056 -0.9861 -0.1663
vn -0.0055 -0.9875 -0.1573
vn -0.0038 -0.9860 -0.1668
vn -0.0056 -0.9889 -0.1488
vn -0.0015 -0.9889 -0.1489
vn 0.0025 -0.9875 -0.1577
vn 0.0025 -0.9889 -0.1488
vn 0.0026 -0.9894 -0.1454
vn 0.0068 -0.9888 -0.1488
vn 0.0109 -0.9875 -0.1570
vn 0.0112 -0.9888 -0.1487
vn 0.0114 -0.9893 -0.1452
vn 0.0163 -0.9888 -0.1486
vn 0.0210 -0.9887 -0.1483
vn 0.0214 -0.9892 -0.1451
vn 0.0216 -0.9906 -0.1349
vn 0.0332 -0.9904 -0.1345
vn 0.0335 -0.9909 -0.1301
vn 0.0337 -0.9915 -0.1258
vn 0.0470 -0.9910 -0.1253
vn 0.0473 -0.9915 -0.1210
vn 0.0476 -0.9920 -0.1168
vn 0.0626 -0.9912 -0.1162
vn 0.0629 -0.9917 -0.1121
vn 0.0633 -0.9921 -0.1079
vn 0.0978 -0.9912 -0.0892
vn 0.0987 -0.9919 -0.0804
vn 0.0013 -0.9860 -0.1670
vn 0.0023 -0.9860 -0.1667
vn 0.0045 -0.9859 -0.1670
vn 0.0090 -0.9860 -0.1664
vn 0.0115 -0.9861 -0.1658
vn 0.0153 -0.9860 -0.1659
vn 0.0194 -0.9862 -0.1645
vn 0.0207 -0.9877 -0.1551
vn 0.0268 -0.9886 -0.1482
vn 0.0226 -0.9862 -0.1641
vn 0.0296 -0.9863 -0.1625
vn 0.0319 -0.9876 -0.1535
vn 0.0320 -0.9863 -0.1617
vn 0.0422 -0.9862 -0.1600
vn 0.0447 -0.9875 -0.1509
vn 0.0598 -0.9874 -0.1467
vn 0.0624 -0.9873 -0.1462
vn 0.0708 -0.9869 -0.1450
vn 0.0942 -0.9878 -0.1237
vn 0.1107 -0.9890 -0.0980
vn 0.1002 -0.9930 -0.0633
vn 0.0655 -0.9945 -0.0812
vn 0.0652 -0.9942 -0.0856
vn 0.0648 -0.9938 -0.0901
vn 0.0495 -0.9947 -0.0905
vn 0.0492 -0.9943 -0.0951
vn 0.0489 -0.9938 -0.0997
vn 0.0352 -0.9944 -0.1001
vn 0.0350 -0.9939 -0.1042
vn 0.0347 -0.9934 -0.1089
vn 0.0228 -0.9937 -0.1093
vn 0.0226 -0.9933 -0.1135
vn 0.0224 -0.9928 -0.1177
vn 0.0121 -0.9934 -0.1137
vn 0.0120 -0.9929 -0.1179
vn 0.0119 -0.9924 -0.1222
vn 0.0027 -0.9935 -0.1139
vn 0.0027 -0.9930 -0.1181
vn 0.0027 -0.9925 -0.1223
vn -0.0060 -0.9930 -0.1180
vn -0.0060 -0.9925 -0.1223
vn -0.0059 -0.9919 -0.1266
vn -0.0190 -0.9918 -0.1262
vn -0.0188 -0.9913 -0.1306
vn -0.0318 -0.9885 -0.1479
vn -0.0248 -0.9887 -0.1481
vn -0.0186 -0.9907 -0.1350
vn -0.0421 -0.9882 -0.1474
vn -0.0369 -0.9883 -0.1477
vn -0.0326 -0.9904 -0.1345
vn -0.0322 -0.9890 -0.1444
vn 0.0672 -0.9959 -0.0599
vn 0.0675 -0.9962 -0.0557
vn 0.0678 -0.9964 -0.0517
vn 0.0516 -0.9968 -0.0603
vn 0.0518 -0.9971 -0.0561
vn 0.0521 -0.9973 -0.0521
vn 0.0374 -0.9975 -0.0606
vn 0.0376 -0.9977 -0.0565
vn 0.0379 -0.9979 -0.0525
vn 0.0247 -0.9978 -0.0610
vn 0.0249 -0.9981 -0.0568
vn 0.0250 -0.9983 -0.0528
vn 0.0135 -0.9983 -0.0570
vn 0.0136 -0.9985 -0.0530
vn 0.0137 -0.9987 -0.0490
vn 0.0031 -0.9988 -0.0491
vn 0.0032 -0.9988 -0.0496
vn 0.0681 -0.9965 -0.0477
vn 0.0524 -0.9975 -0.0481
vn 0.0683 -0.9966 -0.0458
vn 0.0381 -0.9981 -0.0484
vn 0.0526 -0.9976 -0.0449
vn 0.0252 -0.9985 -0.0487
vn 0.0382 -0.9982 -0.0465
vn 0.0137 -0.9987 -0.0493
vn 0.0253 -0.9985 -0.0480
vn 0.0524 -0.9977 -0.0428
vn 0.0253 -0.9986 -0.0470
vn -0.0209 -0.9985 -0.0516
vn -0.0218 -0.9985 -0.0509
vn -0.0070 -0.9988 -0.0493
vn -0.0069 -0.9988 -0.0490
vn -0.0218 -0.9986 -0.0488
vn -0.0216 -0.9984 -0.0528
vn -0.0215 -0.9982 -0.0569
vn -0.0370 -0.9977 -0.0565
vn -0.0368 -0.9975 -0.0606
vn -0.0365 -0.9972 -0.0648
vn -0.0479 -0.9968 -0.0645
vn -0.0476 -0.9965 -0.0687
vn -0.0474 -0.9962 -0.0730
vn -0.0596 -0.9956 -0.0726
vn -0.0593 -0.9953 -0.0770
vn -0.0589 -0.9949 -0.0813
vn -0.0856 -0.9923 -0.0895
vn -0.0721 -0.9941 -0.0810
vn -0.0718 -0.9938 -0.0854
vn -0.0847 -0.9915 -0.0986
vn -0.0714 -0.9934 -0.0899
vn -0.0374 -0.9981 -0.0485
vn -0.0487 -0.9975 -0.0522
vn -0.0372 -0.9979 -0.0525
vn -0.0605 -0.9964 -0.0600
vn -0.0482 -0.9970 -0.0603
vn -0.0484 -0.9972 -0.0562
vn -0.0732 -0.9950 -0.0680
vn -0.0599 -0.9959 -0.0684
vn -0.0602 -0.9961 -0.0642
vn -0.0864 -0.9930 -0.0806
vn -0.0725 -0.9944 -0.0766
vn -0.0729 -0.9947 -0.0723
vn -0.0363 -0.9970 -0.0690
vn -0.0214 -0.9979 -0.0610
vn -0.0212 -0.9976 -0.0652
vn -0.0211 -0.9974 -0.0694
vn -0.0068 -0.9981 -0.0613
vn -0.0067 -0.9978 -0.0654
vn -0.0067 -0.9975 -0.0697
vn 0.0030 -0.9979 -0.0655
vn 0.0030 -0.9976 -0.0697
vn 0.0030 -0.9973 -0.0740
vn 0.0131 -0.9972 -0.0739
vn 0.0130 -0.9969 -0.0782
vn 0.0129 -0.9965 -0.0826
vn 0.0241 -0.9967 -0.0780
vn 0.0239 -0.9963 -0.0824
vn 0.0237 -0.9959 -0.0868
vn 0.0365 -0.9963 -0.0776
vn 0.0363 -0.9960 -0.0820
vn 0.0498 -0.9950 -0.0861
vn 0.0360 -0.9956 -0.0865
vn 0.0659 -0.9949 -0.0768
vn 0.0505 -0.9957 -0.0772
vn 0.0502 -0.9954 -0.0816
vn -0.0209 -0.9971 -0.0737
vn -0.0066 -0.9972 -0.0740
vn -0.0208 -0.9967 -0.0780
vn 0.0030 -0.9969 -0.0783
vn -0.0066 -0.9969 -0.0783
vn 0.0127 -0.9961 -0.0871
vn 0.0029 -0.9966 -0.0827
vn 0.0235 -0.9955 -0.0913
vn 0.0126 -0.9957 -0.0916
vn 0.0355 -0.9948 -0.0955
vn 0.0358 -0.9952 -0.0910
vn 0.0233 -0.9951 -0.0959
vn -0.0471 -0.9959 -0.0773
vn -0.0361 -0.9967 -0.0733
vn -0.0359 -0.9963 -0.0777
vn -0.0356 -0.9960 -0.0820
vn -0.0206 -0.9964 -0.0824
vn -0.0354 -0.9956 -0.0865
vn -0.0351 -0.9952 -0.0910
vn -0.0349 -0.9948 -0.0955
vn -0.0346 -0.9944 -0.1001
vn -0.0344 -0.9940 -0.1042
vn -0.0341 -0.9935 -0.1089
vn -0.0339 -0.9930 -0.1131
vn -0.0336 -0.9925 -0.1173
vn -0.0191 -0.9924 -0.1220
vn -0.0334 -0.9920 -0.1215
vn -0.0329 -0.9910 -0.1301
vn -0.0331 -0.9915 -0.1258
vn -0.0065 -0.9966 -0.0827
vn -0.0204 -0.9960 -0.0869
vn -0.0203 -0.9956 -0.0914
vn 0.0029 -0.9962 -0.0872
vn -0.0064 -0.9962 -0.0872
vn 0.0125 -0.9953 -0.0961
vn 0.0029 -0.9958 -0.0917
vn 0.0229 -0.9943 -0.1046
vn 0.0231 -0.9947 -0.1005
vn 0.0124 -0.9948 -0.1008
vn -0.0201 -0.9952 -0.0959
vn -0.0199 -0.9947 -0.1005
vn -0.0064 -0.9958 -0.0917
vn 0.0029 -0.9954 -0.0963
vn -0.0063 -0.9953 -0.0962
vn 0.0122 -0.9939 -0.1096
vn 0.0123 -0.9944 -0.1049
vn 0.0028 -0.9949 -0.1009
vn -0.0198 -0.9943 -0.1046
vn -0.0196 -0.9938 -0.1093
vn -0.0063 -0.9949 -0.1009
vn 0.0028 -0.9940 -0.1097
vn 0.0028 -0.9945 -0.1050
vn -0.0062 -0.9945 -0.1049
vn -0.0061 -0.9935 -0.1138
vn -0.0195 -0.9933 -0.1135
vn -0.0193 -0.9929 -0.1177
vn -0.0061 -0.9939 -0.1097
vn -0.0181 -0.9888 -0.1484
vn -0.0112 -0.9888 -0.1487
vn -0.0057 -0.9894 -0.1453
vn -0.0184 -0.9894 -0.1437
vn 0.0026 -0.9908 -0.1354
vn -0.0058 -0.9914 -0.1310
vn -0.0058 -0.9908 -0.1353
vn 0.0115 -0.9907 -0.1352
vn 0.0027 -0.9919 -0.1266
vn 0.0026 -0.9914 -0.1310
vn 0.0218 -0.9912 -0.1305
vn 0.0118 -0.9919 -0.1265
vn 0.0116 -0.9913 -0.1308
vn 0.0340 -0.9920 -0.1215
vn 0.0222 -0.9923 -0.1219
vn 0.0220 -0.9918 -0.1262
vn 0.0480 -0.9925 -0.1126
vn 0.0345 -0.9930 -0.1131
vn 0.0342 -0.9925 -0.1173
vn 0.0637 -0.9926 -0.1032
vn 0.0486 -0.9934 -0.1037
vn 0.0483 -0.9929 -0.1084
vn 0.0644 -0.9934 -0.0946
vn 0.0640 -0.9930 -0.0992
vn 0.0995 -0.9925 -0.0717
vn 0.0031 -0.9986 -0.0531
vn -0.0069 -0.9986 -0.0531
vn -0.0068 -0.9983 -0.0571
vn -0.0586 -0.9946 -0.0858
vn -0.0468 -0.9956 -0.0817
vn -0.0465 -0.9952 -0.0861
vn -0.0462 -0.9948 -0.0906
vn -0.0459 -0.9944 -0.0952
vn -0.0456 -0.9940 -0.0998
vn -0.0453 -0.9936 -0.1039
vn -0.0450 -0.9931 -0.1085
vn -0.0447 -0.9926 -0.1127
vn -0.0444 -0.9922 -0.1169
vn -0.0441 -0.9917 -0.1211
vn -0.0547 -0.9895 -0.1336
vn -0.0438 -0.9911 -0.1254
vn -0.0435 -0.9906 -0.1297
vn -0.0536 -0.9877 -0.1469
vn -0.0467 -0.9880 -0.1472
vn -0.0427 -0.9887 -0.1439
vn -0.0431 -0.9900 -0.1341
vn -0.0710 -0.9930 -0.0944
vn -0.0583 -0.9942 -0.0903
vn -0.0579 -0.9938 -0.0948
vn -0.0576 -0.9934 -0.0994
vn -0.0572 -0.9930 -0.1035
vn -0.0569 -0.9925 -0.1081
vn -0.0565 -0.9921 -0.1123
vn -0.0683 -0.9899 -0.1245
vn -0.0562 -0.9916 -0.1165
vn -0.0558 -0.9911 -0.1207
vn -0.0674 -0.9888 -0.1331
vn -0.0555 -0.9906 -0.1250
vn -0.0551 -0.9901 -0.1293
vn -0.0839 -0.9907 -0.1073
vn -0.0706 -0.9926 -0.0990
vn -0.0831 -0.9898 -0.1156
vn -0.0698 -0.9917 -0.1077
vn -0.0822 -0.9889 -0.1240
vn -0.0690 -0.9908 -0.1160
vn 0.0134 -0.9980 -0.0612
vn 0.0031 -0.9981 -0.0613
vn 0.0031 -0.9984 -0.0571
vn 0.0246 -0.9976 -0.0651
vn 0.0132 -0.9975 -0.0696
vn 0.0133 -0.9978 -0.0653
vn 0.0372 -0.9972 -0.0648
vn 0.0242 -0.9970 -0.0736
vn 0.0244 -0.9973 -0.0694
vn 0.0513 -0.9966 -0.0644
vn 0.0367 -0.9966 -0.0733
vn 0.0370 -0.9969 -0.0690
vn 0.0668 -0.9957 -0.0640
vn 0.0507 -0.9960 -0.0729
vn 0.0510 -0.9963 -0.0686
vn 0.0662 -0.9952 -0.0725
vn 0.0665 -0.9954 -0.0682
vn 0.0328 -0.9889 -0.1447
vn 0.0324 -0.9885 -0.1479
vn 0.0389 -0.9883 -0.1476
vn 0.0467 -0.9905 -0.1296
vn 0.0463 -0.9899 -0.1339
vn 0.0622 -0.9908 -0.1205
vn 0.0618 -0.9903 -0.1247
vn 0.0969 -0.9904 -0.0983
vn 0.0453 -0.9881 -0.1473
vn 0.0526 -0.9877 -0.1470
vn 0.0604 -0.9878 -0.1436
vn 0.0458 -0.9885 -0.1442
vn 0.0614 -0.9897 -0.1290
vn 0.0610 -0.9892 -0.1334
vn 0.0960 -0.9896 -0.1070
vn 0.0951 -0.9888 -0.1153
vn -0.1022 -0.9931 0.0573
vn -0.1031 -0.9926 0.0638
vn -0.1024 -0.9932 0.0563
vn -0.1018 -0.9929 0.0607
vn -0.1029 -0.9926 0.0647
vn -0.1084 -0.9918 0.0677
vn -0.1150 -0.9910 0.0682
vn -0.1186 -0.9904 0.0706
vn -0.1191 -0.9910 0.0618
vn -0.1189 -0.9906 0.0679
vn -0.1288 -0.9894 0.0677
vn -0.1387 -0.9880 0.0675
vn -0.1390 -0.9884 0.0614
vn -0.1392 -0.9887 0.0553
vn -0.1514 -0.9869 0.0551
vn -0.1601 -0.9852 0.0607
vn -0.1605 -0.9855 0.0548
vn -0.1609 -0.9858 0.0488
vn -0.1721 -0.9836 0.0544
vn -0.1831 -0.9813 0.0598
vn -0.1837 -0.9815 0.0540
vn -0.1843 -0.9817 0.0481
vn -0.1930 -0.9798 0.0534
vn -0.2071 -0.9769 0.0529
vn -0.2086 -0.9771 0.0414
vn -0.2206 -0.9745 0.0409
vn -0.2321 -0.9717 0.0437
vn -0.2328 -0.9718 0.0369
vn -0.2342 -0.9717 0.0321
vn -0.1240 -0.9893 0.0773
vn -0.1273 -0.9888 0.0783
vn -0.1314 -0.9882 0.0785
vn -0.1357 -0.9877 0.0780
vn -0.1385 -0.9873 0.0773
vn -0.1383 -0.9877 0.0728
vn -0.1505 -0.9863 0.0672
vn -0.1393 -0.9872 0.0777
vn -0.1443 -0.9863 0.0795
vn -0.1473 -0.9858 0.0800
vn -0.1505 -0.9854 0.0801
vn -0.1543 -0.9848 0.0795
vn -0.1587 -0.9842 0.0781
vn -0.1596 -0.9849 0.0668
vn -0.1709 -0.9830 0.0663
vn -0.1591 -0.9846 0.0725
vn -0.1595 -0.9841 0.0780
vn -0.1632 -0.9834 0.0788
vn -0.1673 -0.9827 0.0791
vn -0.1715 -0.9820 0.0786
vn -0.1750 -0.9815 0.0777
vn -0.1784 -0.9810 0.0762
vn -0.1815 -0.9806 0.0745
vn -0.1823 -0.9810 0.0657
vn -0.1916 -0.9793 0.0651
vn -0.1815 -0.9809 0.0700
vn -0.1826 -0.9804 0.0746
vn -0.1903 -0.9788 0.0754
vn -0.1951 -0.9779 0.0748
vn -0.2041 -0.9768 0.0655
vn -0.2191 -0.9743 0.0523
vn -0.2054 -0.9765 0.0646
vn -0.2108 -0.9754 0.0638
vn -0.2214 -0.9732 0.0630
vn -0.2257 -0.9723 0.0604
vn -0.2313 -0.9716 0.0491
vn -0.2342 -0.9711 0.0461
vn -0.2283 -0.9722 0.0527
vn -0.2204 -0.9749 0.0307
vn -0.2330 -0.9722 0.0243
vn -0.2313 -0.9726 0.0223
vn -0.2226 -0.9747 0.0217
vn -0.2103 -0.9775 0.0133
vn -0.1947 -0.9808 0.0133
vn -0.1860 -0.9825 0.0136
vn -0.1862 -0.9824 0.0116
vn -0.1864 -0.9824 0.0085
vn -0.1847 -0.9828 0.0077
vn -0.1810 -0.9835 0.0058
vn -0.1773 -0.9842 0.0047
vn -0.1696 -0.9855 0.0044
vn -0.1629 -0.9866 0.0057
vn -0.1602 -0.9871 0.0057
vn -0.1398 -0.9902 0.0064
vn -0.1615 -0.9868 0.0092
vn -0.1509 -0.9885 0.0046
vn -0.1393 -0.9902 0.0050
vn -0.1367 -0.9906 0.0052
vn -0.1391 -0.9902 0.0098
vn -0.1392 -0.9902 0.0141
vn -0.1288 -0.9916 0.0141
vn -0.1185 -0.9929 0.0141
vn -0.1187 -0.9928 0.0188
vn -0.1188 -0.9926 0.0235
vn -0.1104 -0.9936 0.0235
vn -0.1008 -0.9947 0.0213
vn -0.1007 -0.9946 0.0242
vn -0.0997 -0.9946 0.0303
vn -0.1262 -0.9920 0.0052
vn -0.1230 -0.9924 0.0062
vn -0.1194 -0.9928 0.0086
vn -0.1183 -0.9929 0.0119
vn -0.1128 -0.9935 0.0140
vn -0.1020 -0.9946 0.0171
vn -0.1093 -0.9935 0.0329
vn -0.0988 -0.9945 0.0334
vn -0.0983 -0.9940 0.0476
vn -0.0983 -0.9946 0.0339
vn -0.1001 -0.9942 0.0384
vn -0.1004 -0.9936 0.0514
vn -0.1096 -0.9924 0.0557
vn -0.1090 -0.9931 0.0436
vn -0.1001 -0.9939 0.0457
vn -0.1192 -0.9913 0.0556
vn -0.1292 -0.9901 0.0555
vn -0.1394 -0.9890 0.0494
vn -0.1192 -0.9916 0.0496
vn -0.1192 -0.9922 0.0378
vn -0.1192 -0.9919 0.0435
vn -0.1293 -0.9906 0.0435
vn -0.1291 -0.9914 0.0235
vn -0.1190 -0.9925 0.0282
vn -0.1191 -0.9923 0.0329
vn -0.1293 -0.9911 0.0329
vn -0.1520 -0.9874 0.0432
vn -0.1611 -0.9860 0.0430
vn -0.1395 -0.9893 0.0434
vn -0.1396 -0.9895 0.0377
vn -0.1395 -0.9897 0.0328
vn -0.1395 -0.9898 0.0282
vn -0.1502 -0.9881 0.0327
vn -0.1502 -0.9886 0.0141
vn -0.1394 -0.9901 0.0188
vn -0.1394 -0.9900 0.0235
vn -0.1503 -0.9884 0.0234
vn -0.1729 -0.9840 0.0427
vn -0.1847 -0.9819 0.0423
vn -0.1614 -0.9861 0.0383
vn -0.1615 -0.9863 0.0325
vn -0.1616 -0.9865 0.0279
vn -0.1616 -0.9866 0.0233
vn -0.1735 -0.9843 0.0323
vn -0.1859 -0.9824 0.0182
vn -0.1738 -0.9847 0.0138
vn -0.1616 -0.9868 0.0140
vn -0.1616 -0.9867 0.0186
vn -0.1737 -0.9845 0.0231
vn -0.1940 -0.9801 0.0419
vn -0.2096 -0.9773 0.0312
vn -0.1852 -0.9820 0.0377
vn -0.1854 -0.9821 0.0320
vn -0.2103 -0.9774 0.0221
vn -0.1950 -0.9806 0.0225
vn -0.1856 -0.9822 0.0274
vn -0.1858 -0.9823 0.0228
vn -0.1945 -0.9804 0.0316
vn 0.0862 -0.9948 0.0538
vn 0.0819 -0.9956 0.0464
vn 0.0814 -0.9956 0.0456
vn 0.0832 -0.9956 0.0439
vn 0.0926 -0.9948 0.0420
vn 0.0832 -0.9959 0.0365
vn 0.0816 -0.9962 0.0318
vn 0.0817 -0.9962 0.0317
vn 0.0909 -0.9954 0.0315
vn 0.0823 -0.9962 0.0298
vn 0.0831 -0.9962 0.0245
vn 0.0997 -0.9946 0.0299
vn 0.0996 -0.9947 0.0248
vn 0.0995 -0.9948 0.0225
vn 0.1176 -0.9926 0.0299
vn 0.1175 -0.9928 0.0249
vn 0.1174 -0.9928 0.0226
vn 0.1367 -0.9902 0.0299
vn 0.1366 -0.9903 0.0249
vn 0.1365 -0.9904 0.0226
vn 0.1916 -0.9814 0.0132
vn 0.1850 -0.9827 0.0131
vn 0.1783 -0.9839 0.0132
vn 0.1699 -0.9854 0.0048
vn 0.1656 -0.9862 0.0050
vn 0.1640 -0.9864 0.0048
vn 0.1563 -0.9877 0.0043
vn 0.1523 -0.9883 0.0044
vn 0.1359 -0.9907 0.0034
vn 0.1165 -0.9932 0.0044
vn 0.1145 -0.9934 0.0043
vn 0.1038 -0.9946 0.0045
vn 0.1015 -0.9948 0.0056
vn 0.0997 -0.9950 0.0068
vn 0.0987 -0.9951 0.0077
vn 0.0989 -0.9950 0.0117
vn 0.0994 -0.9948 0.0202
vn 0.0941 -0.9955 0.0133
vn 0.0868 -0.9961 0.0136
vn 0.0852 -0.9963 0.0151
vn 0.0834 -0.9963 0.0192
vn 0.0833 -0.9963 0.0205
vn 0.0834 -0.9963 0.0202
vn 0.0829 -0.9963 0.0222
vn 0.0829 -0.9963 0.0233
vn 0.2087 -0.9775 0.0301
vn 0.2013 -0.9791 0.0303
vn 0.2055 -0.9782 0.0302
vn 0.1913 -0.9810 0.0307
vn 0.1945 -0.9804 0.0304
vn 0.1779 -0.9836 0.0310
vn 0.1846 -0.9823 0.0309
vn 0.1650 -0.9858 0.0313
vn 0.1714 -0.9847 0.0312
vn 0.1526 -0.9878 0.0315
vn 0.1588 -0.9868 0.0314
vn 0.1366 -0.9901 0.0316
vn 0.1411 -0.9895 0.0315
vn 0.1176 -0.9926 0.0317
vn 0.1270 -0.9914 0.0317
vn 0.1367 -0.9899 0.0374
vn 0.1000 -0.9943 0.0375
vn 0.0998 -0.9945 0.0316
vn 0.1086 -0.9936 0.0316
vn 0.1178 -0.9923 0.0375
vn 0.2304 -0.9720 0.0455
vn 0.2043 -0.9781 0.0403
vn 0.2005 -0.9789 0.0404
vn 0.2059 -0.9777 0.0407
vn 0.2055 -0.9773 0.0508
vn 0.2033 -0.9778 0.0516
vn 0.1938 -0.9802 0.0405
vn 0.1906 -0.9808 0.0407
vn 0.1992 -0.9786 0.0517
vn 0.1927 -0.9799 0.0518
vn 0.1982 -0.9782 0.0618
vn 0.1955 -0.9787 0.0628
vn 0.1915 -0.9795 0.0633
vn 0.1881 -0.9801 0.0637
vn 0.1817 -0.9813 0.0640
vn 0.1754 -0.9824 0.0643
vn 0.1709 -0.9844 0.0413
vn 0.1647 -0.9855 0.0415
vn 0.1765 -0.9829 0.0526
vn 0.1702 -0.9840 0.0529
vn 0.1585 -0.9865 0.0416
vn 0.1524 -0.9874 0.0417
vn 0.1641 -0.9850 0.0530
vn 0.1748 -0.9819 0.0730
vn 0.1692 -0.9835 0.0646
vn 0.1740 -0.9820 0.0734
vn 0.1688 -0.9828 0.0749
vn 0.1639 -0.9836 0.0751
vn 0.1623 -0.9839 0.0751
vn 0.1584 -0.9844 0.0762
vn 0.1531 -0.9852 0.0767
vn 0.1506 -0.9856 0.0767
vn 0.1491 -0.9858 0.0772
vn 0.1513 -0.9863 0.0652
vn 0.1404 -0.9879 0.0653
vn 0.1360 -0.9885 0.0656
vn 0.1363 -0.9889 0.0596
vn 0.1271 -0.9910 0.0420
vn 0.1178 -0.9921 0.0421
vn 0.1364 -0.9892 0.0537
vn 0.1270 -0.9904 0.0538
vn 0.1002 -0.9938 0.0480
vn 0.1001 -0.9941 0.0421
vn 0.1089 -0.9932 0.0421
vn 0.1178 -0.9916 0.0539
vn 0.1179 -0.9919 0.0480
vn 0.1435 -0.9866 0.0780
vn 0.1390 -0.9872 0.0776
vn 0.1359 -0.9877 0.0769
vn 0.1357 -0.9882 0.0714
vn 0.1267 -0.9898 0.0659
vn 0.1348 -0.9879 0.0772
vn 0.1292 -0.9885 0.0785
vn 0.1251 -0.9890 0.0785
vn 0.1219 -0.9895 0.0778
vn 0.1183 -0.9900 0.0763
vn 0.1174 -0.9906 0.0706
vn 0.1173 -0.9902 0.0760
vn 0.1132 -0.9906 0.0768
vn 0.1087 -0.9911 0.0766
vn 0.1001 -0.9927 0.0676
vn 0.0863 -0.9948 0.0542
vn 0.0934 -0.9942 0.0541
vn 0.1003 -0.9927 0.0663
vn 0.0981 -0.9930 0.0664
vn 0.0924 -0.9935 0.0661
vn 0.1003 -0.9935 0.0540
vn 0.1178 -0.9912 0.0599
vn 0.1090 -0.9926 0.0540
vn 0.1176 -0.9909 0.0660
vn 0.1089 -0.9919 0.0662
vn 0.1004 -0.9931 0.0601
vn 0.0899 -0.9938 0.0651
vn 0.0877 -0.9941 0.0635
vn 0.0854 -0.9948 0.0562
vn 0.1173 -0.9929 0.0204
vn 0.1079 -0.9941 0.0135
vn 0.0990 -0.9950 0.0134
vn 0.0991 -0.9950 0.0151
vn 0.1365 -0.9904 0.0204
vn 0.1170 -0.9930 0.0135
vn 0.1171 -0.9930 0.0152
vn 0.1262 -0.9920 0.0044
vn 0.1166 -0.9932 0.0043
vn 0.1168 -0.9931 0.0089
vn 0.1266 -0.9919 0.0136
vn 0.1363 -0.9905 0.0153
vn 0.1363 -0.9906 0.0136
vn 0.1405 -0.9901 0.0044
vn 0.1359 -0.9907 0.0044
vn 0.1361 -0.9907 0.0090
vn 0.1408 -0.9899 0.0136
vn 0.1588 -0.9872 0.0135
vn 0.1525 -0.9882 0.0135
vn 0.1717 -0.9851 0.0133
vn 0.1652 -0.9862 0.0134
vn 0.1411 -0.9891 0.0418
vn 0.1366 -0.9897 0.0419
vn 0.1409 -0.9886 0.0535
vn 0.1366 -0.9895 0.0478
vn 0.1579 -0.9860 0.0532
vn 0.1632 -0.9845 0.0648
vn 0.1571 -0.9854 0.0650
vn 0.1520 -0.9869 0.0534
vn 0.1839 -0.9821 0.0410
vn 0.1774 -0.9833 0.0411
vn 0.1895 -0.9805 0.0521
vn 0.1830 -0.9817 0.0524
vn -0.1011 -0.9937 -0.0475
vn -0.0161 -0.9993 -0.0349
vn -0.0132 -0.9993 -0.0354
vn -0.0068 -0.9993 -0.0360
vn -0.0030 -0.9993 -0.0362
vn 0.0029 -0.9993 -0.0362
vn 0.0056 -0.9993 -0.0361
vn 0.0101 -0.9993 -0.0363
vn 0.0148 -0.9993 -0.0354
vn 0.0180 -0.9992 -0.0351
vn 0.0248 -0.9991 -0.0344
vn 0.0296 -0.9990 -0.0337
vn 0.1003 -0.9943 -0.0372
vn 0.1142 -0.9922 -0.0502
vn 0.1180 -0.9917 -0.0514
vn 0.0870 -0.9929 0.0813
vn 0.1037 -0.9897 0.0984
vn 0.1053 -0.9901 0.0933
vn -0.0178 -0.9876 -0.1563
vn -0.0178 -0.9876 -0.1563
vn -0.0177 -0.9868 -0.1609
vn -0.0189 -0.9918 -0.1264
vn -0.0189 -0.9918 -0.1266
vn -0.0190 -0.9918 -0.1262
vn -0.0191 -0.9919 -0.1259
vn -0.0188 -0.9913 -0.1306
vn -0.0188 -0.9913 -0.1306
vn -0.0186 -0.9907 -0.1351
vn -0.0188 -0.9907 -0.1346
vn -0.0186 -0.9907 -0.1350
vn -0.0185 -0.9906 -0.1353
vn -0.0218 -0.9983 -0.0538
vn -0.0218 -0.9984 -0.0515
vn -0.0218 -0.9984 -0.0515
vn -0.0219 -0.9986 -0.0485
vn -0.0218 -0.9986 -0.0489
vn -0.0217 -0.9986 -0.0490
vn -0.0218 -0.9986 -0.0487
vn -0.0216 -0.9984 -0.0528
vn -0.0216 -0.9984 -0.0528
vn -0.0215 -0.9981 -0.0569
vn -0.0216 -0.9982 -0.0566
vn -0.0215 -0.9982 -0.0568
vn -0.0214 -0.9981 -0.0571
vn -0.0214 -0.9979 -0.0610
vn -0.0214 -0.9979 -0.0610
vn -0.0213 -0.9977 -0.0649
vn -0.0213 -0.9977 -0.0651
vn -0.0212 -0.9976 -0.0652
vn -0.0211 -0.9976 -0.0654
vn -0.0211 -0.9974 -0.0694
vn -0.0211 -0.9974 -0.0694
vn -0.0210 -0.9971 -0.0734
vn -0.0209 -0.9971 -0.0738
vn -0.0210 -0.9971 -0.0736
vn -0.0208 -0.9970 -0.0739
vn -0.0208 -0.9967 -0.0780
vn -0.0208 -0.9967 -0.0780
vn -0.0207 -0.9964 -0.0821
vn -0.0206 -0.9964 -0.0825
vn -0.0206 -0.9964 -0.0823
vn -0.0205 -0.9964 -0.0827
vn -0.0191 -0.9924 -0.1220
vn -0.0191 -0.9924 -0.1220
vn -0.0204 -0.9960 -0.0868
vn -0.0204 -0.9960 -0.0868
vn -0.0204 -0.9956 -0.0911
vn -0.0203 -0.9956 -0.0913
vn -0.0202 -0.9956 -0.0915
vn -0.0202 -0.9956 -0.0916
vn -0.0201 -0.9952 -0.0959
vn -0.0201 -0.9952 -0.0959
vn -0.0201 -0.9948 -0.1002
vn -0.0200 -0.9947 -0.1004
vn -0.0199 -0.9947 -0.1006
vn -0.0198 -0.9947 -0.1008
vn -0.0198 -0.9943 -0.1046
vn -0.0198 -0.9943 -0.1046
vn -0.0197 -0.9938 -0.1090
vn -0.0196 -0.9938 -0.1093
vn -0.0196 -0.9938 -0.1094
vn -0.0195 -0.9938 -0.1097
vn -0.0195 -0.9933 -0.1135
vn -0.0195 -0.9933 -0.1135
vn -0.0192 -0.9928 -0.1180
vn -0.0194 -0.9929 -0.1174
vn -0.0193 -0.9929 -0.1177
vn -0.0193 -0.9928 -0.1178
vn -0.0181 -0.9888 -0.1484
vn -0.0181 -0.9888 -0.1484
vn -0.0183 -0.9888 -0.1480
vn -0.0179 -0.9887 -0.1488
vn -0.0179 -0.9887 -0.1488
vn -0.0184 -0.9894 -0.1437
vn -0.0184 -0.9894 -0.1437
vn -0.0183 -0.9888 -0.1480
vn -0.1193 -0.9905 0.0682
vn -0.1189 -0.9906 0.0679
vn -0.1189 -0.9906 0.0679
vn -0.1185 -0.9906 0.0676
vn -0.1387 -0.9880 0.0675
vn -0.1387 -0.9880 0.0675
vn -0.1392 -0.9879 0.0679
vn -0.1392 -0.9887 0.0553
vn -0.1392 -0.9887 0.0553
vn -0.1388 -0.9888 0.0550
vn -0.1381 -0.9882 0.0670
vn -0.1192 -0.9913 0.0556
vn -0.1192 -0.9913 0.0556
vn -0.1189 -0.9914 0.0554
vn -0.1396 -0.9886 0.0556
vn -0.1195 -0.9913 0.0558
vn -0.1194 -0.9919 0.0437
vn -0.1192 -0.9919 0.0435
vn -0.1192 -0.9919 0.0435
vn -0.1190 -0.9919 0.0434
vn -0.1392 -0.9893 0.0431
vn -0.1395 -0.9893 0.0434
vn -0.1395 -0.9893 0.0434
vn -0.1398 -0.9892 0.0436
vn -0.1217 -0.9883 0.0924
vn 0.1099 -0.9897 0.0914
vn 0.1181 -0.9887 0.0925
vn 0.1054 -0.9903 0.0907
vn 0.1204 -0.9883 0.0934
vn 0.1585 -0.9831 0.0913
vn 0.1615 -0.9828 0.0900
vn 0.1648 -0.9823 0.0893
vn 0.1700 -0.9815 0.0882
f 5/1/5 4/1/4 7/1/7
f 8/1/8 7/1/7 9/1/9
f 8/1/8 9/1/9 11/1/11
f 22/1/22 21/1/21 23/1/23
f 13/1/13 25/1/25 15/1/15
f 15/1/15 25/1/25 27/1/27
f 29/1/29 27/1/27 30/1/30
f 29/1/29 30/1/30 32/1/32
f 29/1/29 32/1/32 17/1/17
f 36/1/36 34/1/34 37/1/37
f 36/1/36 37/1/37 39/1/39
f 36/1/36 39/1/39 19/1/19
f 19/1/19 39/1/39 41/1/41
f 43/1/43 41/1/41 44/1/44
f 43/1/43 44/1/44 21/1/21
f 21/1/21 44/1/44 46/1/46
f 21/1/21 46/1/46 23/1/23
f 73/1/73 72/1/72 74/1/74
f 73/1/73 74/1/74 75/1/75
f 75/1/75 74/1/74 76/1/76
f 75/1/75 76/1/76 77/1/77
f 79/1/79 81/1/81 92/1/92
f 92/1/92 81/1/81 94/1/94
f 92/1/92 94/1/94 96/1/96
f 96/1/96 98/1/98 92/1/92
f 100/1/100 99/1/99 101/1/101
f 100/1/100 101/1/101 102/1/102
f 102/1/102 101/1/101 103/1/103
f 102/1/102 103/1/103 104/1/104
f 98/1/98 123/1/123 99/1/99
f 99/1/99 123/1/123 124/1/124
f 99/1/99 124/1/124 125/1/125
f 125/1/125 124/1/124 126/1/126
f 125/1/125 126/1/126 127/1/127
f 127/1/127 126/1/126 128/1/128
f 139/1/139 140/1/140 143/1/143
f 123/1/123 145/1/145 124/1/124
f 124/1/124 145/1/145 147/1/147
f 124/1/124 147/1/147 126/1/126
f 126/1/126 147/1/147 149/1/149
f 126/1/126 149/1/149 128/1/128
f 128/1/128 149/1/149 150/1/150
f 138/1/138 155/1/155 157/1/157
f 149/1/149 160/1/160 150/1/150
f 150/1/150 160/1/160 162/1/162
f 150/1/150 162/1/162 164/1/164
f 151/1/151 164/1/164 166/1/166
f 151/1/151 166/1/166 168/1/168
f 152/1/152 170/1/170 171/1/171
f 171/1/171 173/1/173 152/1/152
f 173/1/173 175/1/175 153/1/153
f 153/1/153 175/1/175 177/1/177
f 154/1/154 179/1/179 181/1/181
f 154/1/154 181/1/181 155/1/155
f 157/1/157 140/1/140 138/1/138
f 143/1/143 184/1/184 139/1/139
f 184/1/184 198/1/198 185/1/185
f 104/1/104 252/1/252 253/1/253
f 104/1/104 253/1/253 102/1/102
f 102/1/102 253/1/253 254/1/254
f 102/1/102 254/1/254 100/1/100
f 276/1/276 103/1/103 101/1/101
f 72/1/72 279/1/279 280/1/280
f 72/1/72 280/1/280 74/1/74
f 74/1/74 280/1/280 281/1/281
f 74/1/74 281/1/281 76/1/76
f 279/1/279 283/1/283 284/1/284
f 279/1/279 284/1/284 280/1/280
f 280/1/280 284/1/284 285/1/285
f 280/1/280 285/1/285 281/1/281
f 283/1/283 86/1/86 286/1/286
f 283/1/283 286/1/286 284/1/284
f 284/1/284 286/1/286 287/1/287
f 284/1/284 287/1/287 285/1/285
f 253/1/253 252/1/252 75/1/75
f 75/1/75 252/1/252 73/1/73
f 125/1/125 127/1/127 276/1/276
f 125/1/125 276/1/276 101/1/101
f 86/1/86 85/1/85 286/1/286
f 286/1/286 85/1/85 87/1/87
f 286/1/286 87/1/87 287/1/287
f 254/1/254 253/1/253 77/1/77
f 77/1/77 253/1/253 75/1/75
f 99/1/99 125/1/125 101/1/101
f 289/1/289 291/1/291 293/1/293
f 293/1/293 291/1/291 295/1/295
f 299/1/299 301/1/301 297/1/297
f 297/1/297 301/1/301 303/1/303
f 309/1/309 308/1/308 311/1/311
f 309/1/309 311/1/311 313/1/313
f 313/1/313 315/1/315 309/1/309
f 309/1/309 315/1/315 317/1/317
f 309/1/309 317/1/317 319/1/319
f 319/1/319 321/1/321 309/1/309
f 372/1/372 374/1/374 367/1/367
f 367/1/367 374/1/374 376/1/376
f 384/1/384 385/1/385 386/1/386
f 388/1/388 390/1/390 386/1/386
f 388/1/388 391/1/391 390/1/390
f 390/1/390 391/1/391 393/1/393
f 390/1/390 393/1/393 394/1/394
f 394/1/394 393/1/393 396/1/396
f 394/1/394 396/1/396 391/1/391
f 391/1/391 396/1/396 393/1/393
f 394/1/394 398/1/398 390/1/390
f 398/1/398 408/1/408 400/1/400
f 437/1/437 438/1/438 439/1/439
f 439/1/439 438/1/438 440/1/440
f 439/1/439 440/1/440 441/1/441
f 441/1/441 440/1/440 442/1/442
f 441/1/441 442/1/442 443/1/443
f 443/1/443 442/1/442 444/1/444
f 443/1/443 444/1/444 445/1/445
f 445/1/445 444/1/444 446/1/446
f 445/1/445 446/1/446 447/1/447
f 457/1/457 466/1/466 458/1/458
f 473/1/473 474/1/474 472/1/472
f 472/1/472 474/1/474 475/1/475
f 474/1/474 480/1/480 475/1/475
f 475/1/475 480/1/480 481/1/481
f 503/1/503 506/1/506 507/1/507
f 503/1/503 507/1/507 508/1/508
f 509/1/509 508/1/508 510/1/510
f 509/1/509 510/1/510 511/1/511
f 511/1/511 512/1/512 509/1/509
f 517/1/517 518/1/518 513/1/513
f 513/1/513 518/1/518 519/1/519
f 440/1/440 438/1/438 524/1/524
f 440/1/440 524/1/524 526/1/526
f 442/1/442 440/1/440 526/1/526
f 442/1/442 526/1/526 527/1/527
f 444/1/444 442/1/442 527/1/527
f 444/1/444 527/1/527 449/1/449
f 446/1/446 444/1/444 449/1/449
f 448/1/448 446/1/446 449/1/449
f 535/1/535 536/1/536 538/1/538
f 535/1/535 538/1/538 540/1/540
f 540/1/540 538/1/538 541/1/541
f 540/1/540 541/1/541 543/1/543
f 572/1/572 582/1/582 584/1/584
f 572/1/572 584/1/584 574/1/574
f 631/1/631 633/1/633 632/1/632
f 632/1/632 633/1/633 634/1/634
f 591/1/591 375/1/375 373/1/373
f 591/1/591 373/1/373 592/1/592
f 592/1/592 373/1/373 371/1/371
f 592/1/592 371/1/371 369/1/369
f 592/1/592 369/1/369 593/1/593
f 593/1/593 369/1/369 366/1/366
f 593/1/593 366/1/366 594/1/594
f 594/1/594 366/1/366 364/1/364
f 594/1/594 364/1/364 362/1/362
f 594/1/594 362/1/362 595/1/595
f 595/1/595 362/1/362 360/1/360
f 595/1/595 360/1/360 596/1/596
f 596/1/596 360/1/360 358/1/358
f 596/1/596 358/1/358 356/1/356
f 596/1/596 356/1/356 597/1/597
f 597/1/597 356/1/356 353/1/353
f 597/1/597 353/1/353 598/1/598
f 598/1/598 353/1/353 351/1/351
f 598/1/598 351/1/351 349/1/349
f 598/1/598 349/1/349 599/1/599
f 599/1/599 349/1/349 346/1/346
f 599/1/599 346/1/346 600/1/600
f 600/1/600 346/1/346 344/1/344
f 600/1/600 344/1/344 341/1/341
f 600/1/600 341/1/341 601/1/601
f 601/1/601 341/1/341 339/1/339
f 601/1/601 339/1/339 602/1/602
f 602/1/602 339/1/339 337/1/337
f 602/1/602 337/1/337 335/1/335
f 602/1/602 335/1/335 604/1/604
f 604/1/604 335/1/335 333/1/333
f 604/1/604 333/1/333 606/1/606
f 606/1/606 333/1/333 320/1/320
f 606/1/606 320/1/320 318/1/318
f 606/1/606 318/1/318 607/1/607
f 607/1/607 318/1/318 316/1/316
f 607/1/607 316/1/316 608/1/608
f 608/1/608 316/1/316 314/1/314
f 608/1/608 314/1/314 312/1/312
f 608/1/608 312/1/312 609/1/609
f 609/1/609 312/1/312 310/1/310
f 609/1/609 310/1/310 610/1/610
f 610/1/610 310/1/310 307/1/307
f 610/1/610 307/1/307 304/1/304
f 610/1/610 304/1/304 611/1/611
f 611/1/611 304/1/304 302/1/302
f 611/1/611 302/1/302 612/1/612
f 612/1/612 302/1/302 300/1/300
f 612/1/612 300/1/300 298/1/298
f 612/1/612 298/1/298 613/1/613
f 613/1/613 298/1/298 296/1/296
f 613/1/613 296/1/296 614/1/614
f 614/1/614 296/1/296 294/1/294
f 614/1/614 294/1/294 290/1/290
f 614/1/614 290/1/290 615/1/615
f 615/1/615 290/1/290 288/1/288
f 615/1/615 288/1/288 616/1/616
f 616/1/616 288/1/288 292/1/292
f 617/1/617 399/1/399 618/1/618
f 618/1/618 399/1/399 407/1/407
f 618/1/618 407/1/407 397/1/397
f 618/1/618 397/1/397 619/1/619
f 619/1/619 397/1/397 395/1/395
f 619/1/619 395/1/395 620/1/620
f 620/1/620 395/1/395 392/1/392
f 620/1/620 392/1/392 621/1/621
f 621/1/621 392/1/392 389/1/389
f 621/1/621 389/1/389 622/1/622
f 622/1/622 389/1/389 387/1/387
f 427/1/427 425/1/425 623/1/623
f 531/1/531 24/1/24 47/1/47
f 531/1/531 47/1/47 45/1/45
f 531/1/531 45/1/45 532/1/532
f 532/1/532 45/1/45 42/1/42
f 532/1/532 42/1/42 534/1/534
f 534/1/534 42/1/42 40/1/40
f 534/1/534 40/1/40 537/1/537
f 537/1/537 40/1/40 38/1/38
f 537/1/537 38/1/38 539/1/539
f 539/1/539 38/1/38 35/1/35
f 539/1/539 35/1/35 542/1/542
f 542/1/542 35/1/35 33/1/33
f 542/1/542 33/1/33 544/1/544
f 544/1/544 33/1/33 31/1/31
f 544/1/544 31/1/31 545/1/545
f 545/1/545 31/1/31 28/1/28
f 545/1/545 28/1/28 546/1/546
f 546/1/546 28/1/28 26/1/26
f 546/1/546 26/1/26 547/1/547
f 547/1/547 26/1/26 14/1/14
f 547/1/547 14/1/14 548/1/548
f 548/1/548 14/1/14 12/1/12
f 548/1/548 12/1/12 549/1/549
f 549/1/549 12/1/12 10/1/10
f 549/1/549 10/1/10 550/1/550
f 550/1/550 10/1/10 6/1/6
f 550/1/550 6/1/6 551/1/551
f 551/1/551 6/1/6 3/1/3
f 551/1/551 3/1/3 552/1/552
f 174/1/174 172/1/172 568/1/568
f 568/1/568 172/1/172 569/1/569
f 569/1/569 172/1/172 169/1/169
f 569/1/569 169/1/169 570/1/570
f 570/1/570 169/1/169 167/1/167
f 570/1/570 167/1/167 571/1/571
f 571/1/571 167/1/167 165/1/165
f 571/1/571 165/1/165 577/1/577
f 577/1/577 165/1/165 163/1/163
f 577/1/577 163/1/163 578/1/578
f 578/1/578 163/1/163 161/1/161
f 578/1/578 161/1/161 579/1/579
f 579/1/579 161/1/161 580/1/580
f 580/1/580 161/1/161 159/1/159
f 580/1/580 159/1/159 581/1/581
f 581/1/581 159/1/159 148/1/148
f 581/1/581 148/1/148 583/1/583
f 583/1/583 148/1/148 146/1/146
f 583/1/583 146/1/146 573/1/573
f 573/1/573 146/1/146 144/1/144
f 573/1/573 144/1/144 122/1/122
f 573/1/573 122/1/122 575/1/575
f 575/1/575 122/1/122 97/1/97
f 575/1/575 97/1/97 585/1/585
f 585/1/585 97/1/97 95/1/95
f 585/1/585 95/1/95 587/1/587
f 587/1/587 95/1/95 93/1/93
f 587/1/587 93/1/93 589/1/589
f 589/1/589 93/1/93 590/1/590
f 590/1/590 93/1/93 80/1/80
f 3/1/3 1/1/1 552/1/552
f 552/1/552 1/1/1 553/1/553
f 553/1/553 1/1/1 197/1/197
f 553/1/553 197/1/197 555/1/555
f 555/1/555 197/1/197 183/1/183
f 555/1/555 183/1/183 557/1/557
f 557/1/557 183/1/183 142/1/142
f 557/1/557 142/1/142 560/1/560
f 560/1/560 142/1/142 141/1/141
f 560/1/560 141/1/141 158/1/158
f 560/1/560 158/1/158 562/1/562
f 562/1/562 158/1/158 156/1/156
f 562/1/562 156/1/156 564/1/564
f 564/1/564 156/1/156 182/1/182
f 564/1/564 182/1/182 180/1/180
f 564/1/564 180/1/180 566/1/566
f 566/1/566 180/1/180 178/1/178
f 566/1/566 178/1/178 176/1/176
f 174/1/174 568/1/568 176/1/176
f 176/1/176 568/1/568 566/1/566
f 5/1/5 635/1/635 4/1/4
f 635/1/635 2/1/2 4/1/4
f 8/1/8 636/1/636 7/1/7
f 636/1/636 5/1/5 7/1/7
f 13/1/13 637/1/637 11/1/11
f 637/1/637 8/1/8 11/1/11
f 19/1/19 646/1/646 20/1/20
f 646/1/646 21/1/21 20/1/20
f 22/1/22 647/1/647 21/1/21
f 647/1/647 20/1/20 21/1/21
f 29/1/29 648/1/648 27/1/27
f 648/1/648 15/1/15 27/1/27
f 34/1/34 649/1/649 32/1/32
f 649/1/649 17/1/17 32/1/32
f 43/1/43 651/1/651 41/1/41
f 651/1/651 19/1/19 41/1/41
f 48/1/48 652/1/652 49/1/49
f 49/1/49 653/1/653 50/1/50
f 654/1/654 55/1/55 54/1/54
f 76/1/76 690/1/690 77/1/77
f 690/1/690 78/1/78 77/1/77
f 79/1/79 691/1/691 78/1/78
f 691/1/691 77/1/77 78/1/78
f 711/1/711 91/1/91 90/1/90
f 99/1/99 712/1/712 98/1/98
f 712/1/712 92/1/92 98/1/98
f 92/1/92 712/1/712 100/1/100
f 712/1/712 99/1/99 100/1/100
f 139/1/139 759/1/759 140/1/140
f 759/1/759 138/1/138 140/1/140
f 138/1/138 767/1/767 155/1/155
f 767/1/767 154/1/154 155/1/155
f 151/1/151 762/1/762 164/1/164
f 762/1/762 150/1/150 164/1/164
f 152/1/152 769/1/769 170/1/170
f 769/1/769 168/1/168 170/1/170
f 153/1/153 766/1/766 173/1/173
f 766/1/766 152/1/152 173/1/173
f 179/1/179 770/1/770 177/1/177
f 770/1/770 153/1/153 177/1/177
f 185/1/185 773/1/773 184/1/184
f 773/1/773 139/1/139 184/1/184
f 195/1/195 787/1/787 196/1/196
f 787/1/787 49/1/49 196/1/196
f 50/1/50 790/1/790 49/1/49
f 790/1/790 196/1/196 49/1/49
f 2/1/2 771/1/771 198/1/198
f 771/1/771 185/1/185 198/1/198
f 202/1/202 801/1/801 195/1/195
f 801/1/801 48/1/48 195/1/195
f 49/1/49 787/1/787 48/1/48
f 787/1/787 195/1/195 48/1/48
f 254/1/254 908/1/908 100/1/100
f 908/1/908 92/1/92 100/1/100
f 20/1/20 647/1/647 202/1/202
f 647/1/647 22/1/22 202/1/202
f 48/1/48 801/1/801 22/1/22
f 801/1/801 202/1/202 22/1/22
f 261/1/261 923/1/923 262/1/262
f 923/1/923 55/1/55 262/1/262
f 263/1/263 944/1/944 264/1/264
f 944/1/944 268/1/268 264/1/264
f 269/1/269 946/1/946 268/1/268
f 946/1/946 264/1/264 268/1/268
f 264/1/264 946/1/946 265/1/265
f 946/1/946 269/1/269 265/1/265
f 270/1/270 948/1/948 269/1/269
f 948/1/948 265/1/265 269/1/269
f 265/1/265 948/1/948 266/1/266
f 948/1/948 270/1/270 266/1/266
f 53/1/53 937/1/937 270/1/270
f 937/1/937 266/1/266 270/1/270
f 266/1/266 937/1/937 267/1/267
f 937/1/937 53/1/53 267/1/267
f 54/1/54 940/1/940 53/1/53
f 940/1/940 267/1/267 53/1/53
f 267/1/267 940/1/940 55/1/55
f 940/1/940 54/1/54 55/1/55
f 196/1/196 790/1/790 268/1/268
f 790/1/790 50/1/50 268/1/268
f 51/1/51 943/1/943 50/1/50
f 943/1/943 268/1/268 50/1/50
f 268/1/268 943/1/943 269/1/269
f 943/1/943 51/1/51 269/1/269
f 52/1/52 945/1/945 51/1/51
f 945/1/945 269/1/269 51/1/51
f 269/1/269 945/1/945 270/1/270
f 945/1/945 52/1/52 270/1/270
f 947/1/947 270/1/270 52/1/52
f 270/1/270 947/1/947 53/1/53
f 281/1/281 973/1/973 76/1/76
f 973/1/973 91/1/91 76/1/76
f 78/1/78 690/1/690 91/1/91
f 690/1/690 76/1/76 91/1/91
f 285/1/285 980/1/980 281/1/281
f 980/1/980 90/1/90 281/1/281
f 91/1/91 973/1/973 90/1/90
f 973/1/973 281/1/281 90/1/90
f 287/1/287 981/1/981 285/1/285
f 981/1/981 89/1/89 285/1/285
f 90/1/90 980/1/980 89/1/89
f 980/1/980 285/1/285 89/1/89
f 87/1/87 710/1/710 287/1/287
f 710/1/710 88/1/88 287/1/287
f 89/1/89 981/1/981 88/1/88
f 981/1/981 287/1/287 88/1/88
f 92/1/92 908/1/908 79/1/79
f 908/1/908 254/1/254 79/1/79
f 77/1/77 691/1/691 254/1/254
f 691/1/691 79/1/79 254/1/254
f 297/1/297 982/1/982 295/1/295
f 982/1/982 293/1/293 295/1/295
f 305/1/305 983/1/983 303/1/303
f 983/1/983 297/1/297 303/1/303
f 322/1/322 989/1/989 321/1/321
f 989/1/989 309/1/309 321/1/321
f 334/1/334 1011/1/1011 321/1/321
f 1011/1/1011 322/1/322 321/1/321
f 367/1/367 1039/1/1039 372/1/372
f 1039/1/1039 370/1/370 372/1/372
f 377/1/377 1040/1/1040 376/1/376
f 1040/1/1040 367/1/367 376/1/376
f 400/1/400 1064/1/1064 398/1/398
f 1064/1/1064 390/1/390 398/1/398
f 466/1/466 1202/1/1202 467/1/467
f 468/1/468 1205/1/1205 467/1/467
f 1205/1/1205 466/1/466 467/1/467
f 1212/1/1212 471/1/471 469/1/469
f 482/1/482 1225/1/1225 481/1/481
f 1225/1/1225 475/1/475 481/1/481
f 503/1/503 1261/1/1261 506/1/506
f 1261/1/1261 505/1/505 506/1/506
f 509/1/509 1262/1/1262 508/1/508
f 1262/1/1262 503/1/503 508/1/508
f 513/1/513 1275/1/1275 517/1/517
f 1275/1/1275 516/1/516 517/1/517
f 520/1/520 1276/1/1276 519/1/519
f 1276/1/1276 513/1/513 519/1/519
f 1206/1/1206 468/1/468 467/1/467
f 535/1/535 1310/1/1310 536/1/536
f 1310/1/1310 533/1/533 536/1/536
f 556/1/556 1311/1/1311 554/1/554
f 1321/1/1321 565/1/565 567/1/567
f 1322/1/1322 572/1/572 574/1/574
f 586/1/586 1323/1/1323 576/1/576
f 1325/1/1325 624/1/624 625/1/625
f 627/1/627 1326/1/1326 626/1/626
f 638/1/638 8/1/8 637/1/637
f 639/1/639 8/1/8 638/1/638
f 640/1/640 17/1/17 641/1/641
f 642/1/642 16/1/16 641/1/641
f 643/1/643 19/1/19 644/1/644
f 645/1/645 18/1/18 644/1/644
f 650/1/650 17/1/17 649/1/649
f 655/1/655 55/1/55 654/1/654
f 656/1/656 55/1/55 655/1/655
f 659/1/659 58/1/58 658/1/658
f 663/1/663 59/1/59 662/1/662
f 664/1/664 59/1/59 663/1/663
f 665/1/665 59/1/59 664/1/664
f 680/1/680 65/1/65 679/1/679
f 681/1/681 68/1/68 682/1/682
f 683/1/683 67/1/67 682/1/682
f 684/1/684 70/1/70 685/1/685
f 686/1/686 69/1/69 685/1/685
f 687/1/687 72/1/72 688/1/688
f 689/1/689 71/1/71 688/1/688
f 692/1/692 60/1/60 667/1/667
f 694/1/694 62/1/62 693/1/693
f 695/1/695 62/1/62 694/1/694
f 697/1/697 64/1/64 696/1/696
f 698/1/698 64/1/64 697/1/697
f 702/1/702 82/1/82 701/1/701
f 706/1/706 83/1/83 705/1/705
f 709/1/709 86/1/86 708/1/708
f 713/1/713 105/1/105 714/1/714
f 715/1/715 104/1/104 714/1/714
f 716/1/716 107/1/107 717/1/717
f 718/1/718 106/1/106 717/1/717
f 719/1/719 109/1/109 720/1/720
f 721/1/721 108/1/108 720/1/720
f 722/1/722 111/1/111 723/1/723
f 724/1/724 110/1/110 723/1/723
f 725/1/725 113/1/113 726/1/726
f 727/1/727 112/1/112 726/1/726
f 728/1/728 115/1/115 729/1/729
f 730/1/730 114/1/114 729/1/729
f 731/1/731 117/1/117 732/1/732
f 733/1/733 116/1/116 732/1/732
f 741/1/741 121/1/121 742/1/742
f 744/1/744 129/1/129 743/1/743
f 744/1/744 128/1/128 745/1/745
f 747/1/747 131/1/131 746/1/746
f 747/1/747 130/1/130 748/1/748
f 750/1/750 133/1/133 749/1/749
f 750/1/750 132/1/132 751/1/751
f 753/1/753 135/1/135 752/1/752
f 753/1/753 134/1/134 754/1/754
f 756/1/756 137/1/137 755/1/755
f 756/1/756 136/1/136 757/1/757
f 759/1/759 139/1/139 758/1/758
f 760/1/760 130/1/130 745/1/745
f 760/1/760 150/1/150 762/1/762
f 761/1/761 132/1/132 748/1/748
f 761/1/761 151/1/151 764/1/764
f 763/1/763 134/1/134 751/1/751
f 763/1/763 152/1/152 766/1/766
f 765/1/765 136/1/136 754/1/754
f 765/1/765 153/1/153 768/1/768
f 767/1/767 138/1/138 757/1/757
f 769/1/769 152/1/152 764/1/764
f 768/1/768 153/1/153 770/1/770
f 774/1/774 139/1/139 773/1/773
f 778/1/778 189/1/189 779/1/779
f 780/1/780 188/1/188 779/1/779
f 781/1/781 191/1/191 782/1/782
f 783/1/783 190/1/190 782/1/782
f 784/1/784 193/1/193 785/1/785
f 786/1/786 192/1/192 785/1/785
f 788/1/788 195/1/195 789/1/789
f 791/1/791 194/1/194 789/1/789
f 792/1/792 199/1/199 794/1/794
f 778/1/778 187/1/187 794/1/794
f 797/1/797 200/1/200 796/1/796
f 781/1/781 189/1/189 796/1/796
f 800/1/800 201/1/201 799/1/799
f 784/1/784 191/1/191 799/1/799
f 803/1/803 202/1/202 802/1/802
f 788/1/788 193/1/193 802/1/802
f 809/1/809 206/1/206 808/1/808
f 809/1/809 205/1/205 810/1/810
f 812/1/812 208/1/208 811/1/811
f 812/1/812 207/1/207 813/1/813
f 815/1/815 210/1/210 814/1/814
f 815/1/815 209/1/209 816/1/816
f 818/1/818 212/1/212 817/1/817
f 818/1/818 211/1/211 819/1/819
f 821/1/821 214/1/214 820/1/820
f 821/1/821 213/1/213 823/1/823
f 826/1/826 216/1/216 825/1/825
f 826/1/826 215/1/215 822/1/822
f 713/1/713 103/1/103 824/1/824
f 828/1/828 207/1/207 810/1/810
f 828/1/828 218/1/218 831/1/831
f 830/1/830 209/1/209 813/1/813
f 830/1/830 219/1/219 833/1/833
f 832/1/832 211/1/211 816/1/816
f 832/1/832 220/1/220 835/1/835
f 834/1/834 213/1/213 819/1/819
f 834/1/834 221/1/221 838/1/838
f 837/1/837 215/1/215 823/1/823
f 837/1/837 222/1/222 836/1/836
f 716/1/716 105/1/105 822/1/822
f 780/1/780 190/1/190 804/1/804
f 840/1/840 203/1/203 804/1/804
f 840/1/840 223/1/223 841/1/841
f 842/1/842 217/1/217 841/1/841
f 842/1/842 224/1/224 844/1/844
f 845/1/845 225/1/225 844/1/844
f 845/1/845 226/1/226 846/1/846
f 847/1/847 227/1/227 846/1/846
f 847/1/847 228/1/228 848/1/848
f 849/1/849 229/1/229 848/1/848
f 849/1/849 230/1/230 850/1/850
f 851/1/851 231/1/231 850/1/850
f 851/1/851 232/1/232 853/1/853
f 855/1/855 233/1/233 853/1/853
f 855/1/855 234/1/234 854/1/854
f 741/1/741 119/1/119 854/1/854
f 856/1/856 219/1/219 831/1/831
f 856/1/856 235/1/235 860/1/860
f 859/1/859 220/1/220 833/1/833
f 859/1/859 236/1/236 862/1/862
f 861/1/861 221/1/221 835/1/835
f 861/1/861 237/1/237 865/1/865
f 864/1/864 222/1/222 838/1/838
f 864/1/864 238/1/238 863/1/863
f 719/1/719 107/1/107 836/1/836
f 868/1/868 236/1/236 860/1/860
f 868/1/868 239/1/239 870/1/870
f 869/1/869 237/1/237 862/1/862
f 869/1/869 240/1/240 873/1/873
f 872/1/872 238/1/238 865/1/865
f 872/1/872 241/1/241 871/1/871
f 722/1/722 109/1/109 863/1/863
f 876/1/876 240/1/240 870/1/870
f 876/1/876 242/1/242 879/1/879
f 878/1/878 241/1/241 873/1/873
f 878/1/878 243/1/243 877/1/877
f 725/1/725 111/1/111 871/1/871
f 883/1/883 243/1/243 879/1/879
f 883/1/883 244/1/244 880/1/880
f 728/1/728 113/1/113 877/1/877
f 731/1/731 115/1/115 880/1/880
f 890/1/890 246/1/246 889/1/889
f 733/1/733 118/1/118 889/1/889
f 893/1/893 247/1/247 892/1/892
f 730/1/730 116/1/116 892/1/892
f 896/1/896 248/1/248 895/1/895
f 727/1/727 114/1/114 895/1/895
f 899/1/899 249/1/249 898/1/898
f 724/1/724 112/1/112 898/1/898
f 902/1/902 250/1/250 901/1/901
f 721/1/721 110/1/110 901/1/901
f 905/1/905 251/1/251 904/1/904
f 718/1/718 108/1/108 904/1/904
f 907/1/907 252/1/252 906/1/906
f 715/1/715 106/1/106 906/1/906
f 890/1/890 245/1/245 886/1/886
f 911/1/911 255/1/255 910/1/910
f 774/1/774 186/1/186 910/1/910
f 909/1/909 137/1/137 758/1/758
f 911/1/911 204/1/204 808/1/808
f 792/1/792 5/1/5 636/1/636
f 639/1/639 16/1/16 793/1/793
f 797/1/797 199/1/199 793/1/793
f 642/1/642 18/1/18 795/1/795
f 800/1/800 200/1/200 795/1/795
f 645/1/645 20/1/20 798/1/798
f 803/1/803 201/1/201 798/1/798
f 783/1/783 192/1/192 839/1/839
f 913/1/913 223/1/223 839/1/839
f 913/1/913 256/1/256 914/1/914
f 915/1/915 224/1/224 914/1/914
f 915/1/915 257/1/257 916/1/916
f 917/1/917 226/1/226 916/1/916
f 917/1/917 258/1/258 918/1/918
f 919/1/919 228/1/228 918/1/918
f 919/1/919 259/1/259 920/1/920
f 921/1/921 230/1/230 920/1/920
f 921/1/921 260/1/260 922/1/922
f 924/1/924 232/1/232 922/1/922
f 924/1/924 261/1/261 925/1/925
f 929/1/929 234/1/234 925/1/925
f 929/1/929 262/1/262 928/1/928
f 640/1/640 15/1/15 648/1/648
f 786/1/786 194/1/194 912/1/912
f 931/1/931 256/1/256 912/1/912
f 931/1/931 263/1/263 932/1/932
f 933/1/933 257/1/257 932/1/932
f 933/1/933 264/1/264 934/1/934
f 935/1/935 258/1/258 934/1/934
f 935/1/935 265/1/265 936/1/936
f 938/1/938 259/1/259 936/1/936
f 938/1/938 266/1/266 939/1/939
f 941/1/941 260/1/260 939/1/939
f 941/1/941 267/1/267 942/1/942
f 923/1/923 261/1/261 942/1/942
f 927/1/927 262/1/262 926/1/926
f 643/1/643 17/1/17 650/1/650
f 791/1/791 196/1/196 930/1/930
f 944/1/944 263/1/263 930/1/930
f 646/1/646 19/1/19 651/1/651
f 893/1/893 246/1/246 888/1/888
f 672/1/672 63/1/63 888/1/888
f 950/1/950 271/1/271 951/1/951
f 950/1/950 206/1/206 811/1/811
f 953/1/953 272/1/272 954/1/954
f 953/1/953 208/1/208 814/1/814
f 956/1/956 273/1/273 957/1/957
f 956/1/956 210/1/210 817/1/817
f 959/1/959 274/1/274 960/1/960
f 959/1/959 212/1/212 820/1/820
f 962/1/962 275/1/275 963/1/963
f 962/1/962 214/1/214 825/1/825
f 964/1/964 276/1/276 965/1/965
f 964/1/964 216/1/216 824/1/824
f 896/1/896 247/1/247 891/1/891
f 676/1/676 65/1/65 891/1/891
f 949/1/949 135/1/135 755/1/755
f 909/1/909 255/1/255 951/1/951
f 949/1/949 271/1/271 954/1/954
f 899/1/899 248/1/248 894/1/894
f 680/1/680 67/1/67 894/1/894
f 952/1/952 133/1/133 752/1/752
f 952/1/952 272/1/272 957/1/957
f 681/1/681 66/1/66 966/1/966
f 970/1/970 278/1/278 969/1/969
f 684/1/684 68/1/68 969/1/969
f 972/1/972 279/1/279 971/1/971
f 687/1/687 70/1/70 971/1/971
f 902/1/902 249/1/249 897/1/897
f 683/1/683 69/1/69 897/1/897
f 955/1/955 131/1/131 749/1/749
f 955/1/955 273/1/273 960/1/960
f 970/1/970 277/1/277 977/1/977
f 979/1/979 283/1/283 978/1/978
f 972/1/972 278/1/278 978/1/978
f 905/1/905 250/1/250 900/1/900
f 686/1/686 71/1/71 900/1/900
f 958/1/958 129/1/129 746/1/746
f 958/1/958 274/1/274 963/1/963
f 979/1/979 282/1/282 976/1/976
f 907/1/907 251/1/251 903/1/903
f 689/1/689 73/1/73 903/1/903
f 961/1/961 127/1/127 743/1/743
f 961/1/961 275/1/275 965/1/965
f 987/1/987 306/1/306 986/1/986
f 988/1/988 306/1/306 987/1/987
f 1004/1/1004 328/1/328 1005/1/1005
f 1007/1/1007 331/1/331 1006/1/1006
f 1012/1/1012 322/1/322 1011/1/1011
f 1013/1/1013 322/1/322 1012/1/1012
f 1014/1/1014 322/1/322 1013/1/1013
f 1015/1/1015 322/1/322 1014/1/1014
f 1019/1/1019 343/1/343 1018/1/1018
f 1020/1/1020 343/1/343 1019/1/1019
f 1021/1/1021 343/1/343 1020/1/1020
f 1022/1/1022 343/1/343 1021/1/1021
f 1023/1/1023 343/1/343 1022/1/1022
f 1028/1/1028 354/1/354 1027/1/1027
f 1029/1/1029 354/1/354 1028/1/1028
f 1030/1/1030 354/1/354 1029/1/1029
f 1031/1/1031 354/1/354 1030/1/1030
f 1032/1/1032 354/1/354 1031/1/1031
f 1033/1/1033 354/1/354 1032/1/1032
f 1038/1/1038 367/1/367 1037/1/1037
f 1039/1/1039 367/1/367 1038/1/1038
f 1044/1/1044 378/1/378 1043/1/1043
f 1045/1/1045 378/1/378 1044/1/1044
f 1049/1/1049 331/1/331 1010/1/1010
f 1051/1/1051 379/1/379 1050/1/1050
f 1052/1/1052 379/1/379 1051/1/1051
f 1054/1/1054 381/1/381 1053/1/1053
f 1057/1/1057 383/1/383 1056/1/1056
f 1058/1/1058 383/1/383 1057/1/1057
f 1059/1/1059 383/1/383 1058/1/1058
f 1060/1/1060 383/1/383 1059/1/1059
f 1061/1/1061 383/1/383 1060/1/1060
f 1063/1/1063 383/1/383 1062/1/1062
f 1062/1/1062 383/1/383 1061/1/1061
f 1078/1/1078 405/1/405 1077/1/1077
f 1079/1/1079 402/1/402 1068/1/1068
f 1080/1/1080 402/1/402 1079/1/1079
f 1081/1/1081 402/1/402 1080/1/1080
f 1082/1/1082 402/1/402 1081/1/1081
f 1084/1/1084 404/1/404 1083/1/1083
f 1035/1/1035 367/1/367 1042/1/1042
f 1041/1/1041 330/1/330 1005/1/1005
f 1128/1/1128 329/1/329 1006/1/1006
f 1049/1/1049 379/1/379 1129/1/1129
f 1136/1/1136 422/1/422 1129/1/1129
f 1052/1/1052 380/1/380 1132/1/1132
f 1133/1/1133 423/1/423 1132/1/1132
f 1138/1/1138 428/1/428 1137/1/1137
f 1149/1/1149 433/1/433 1148/1/1148
f 1149/1/1149 432/1/432 1150/1/1150
f 1152/1/1152 435/1/435 1151/1/1151
f 1152/1/1152 434/1/434 1153/1/1153
f 1155/1/1155 437/1/437 1154/1/1154
f 1155/1/1155 436/1/436 1156/1/1156
f 1157/1/1157 449/1/449 1158/1/1158
f 1158/1/1158 449/1/449 1159/1/1159
f 1160/1/1160 450/1/450 1161/1/1161
f 1162/1/1162 451/1/451 1163/1/1163
f 1163/1/1163 451/1/451 1164/1/1164
f 1167/1/1167 454/1/454 1168/1/1168
f 1168/1/1168 454/1/454 1169/1/1169
f 1169/1/1169 454/1/454 1170/1/1170
f 1170/1/1170 454/1/454 1171/1/1171
f 1171/1/1171 454/1/454 1172/1/1172
f 1174/1/1174 456/1/456 1175/1/1175
f 1175/1/1175 456/1/456 1176/1/1176
f 1177/1/1177 456/1/456 1179/1/1179
f 1178/1/1178 432/1/432 1180/1/1180
f 1180/1/1180 432/1/432 1181/1/1181
f 1181/1/1181 432/1/432 1147/1/1147
f 1184/1/1184 447/1/447 1182/1/1182
f 1184/1/1184 458/1/458 1183/1/1183
f 1186/1/1186 445/1/445 1183/1/1183
f 1186/1/1186 459/1/459 1185/1/1185
f 1188/1/1188 443/1/443 1185/1/1185
f 1188/1/1188 460/1/460 1187/1/1187
f 1190/1/1190 441/1/441 1187/1/1187
f 1190/1/1190 461/1/461 1189/1/1189
f 1192/1/1192 439/1/439 1189/1/1189
f 1192/1/1192 462/1/462 1191/1/1191
f 1194/1/1194 437/1/437 1191/1/1191
f 1205/1/1205 468/1/468 1203/1/1203
f 1203/1/1203 468/1/468 1204/1/1204
f 1207/1/1207 468/1/468 1206/1/1206
f 1207/1/1207 469/1/469 1210/1/1210
f 1208/1/1208 459/1/459 1204/1/1204
f 1208/1/1208 470/1/470 1209/1/1209
f 1213/1/1213 471/1/471 1212/1/1212
f 1214/1/1214 471/1/471 1213/1/1213
f 1216/1/1216 476/1/476 1215/1/1215
f 1216/1/1216 475/1/475 1217/1/1217
f 1221/1/1221 478/1/478 1220/1/1220
f 1221/1/1221 477/1/477 1224/1/1224
f 1222/1/1222 462/1/462 1219/1/1219
f 1222/1/1222 479/1/479 1223/1/1223
f 1225/1/1225 482/1/482 1227/1/1227
f 1228/1/1228 483/1/483 1227/1/1227
f 1229/1/1229 483/1/483 1228/1/1228
f 1229/1/1229 485/1/485 1230/1/1230
f 1231/1/1231 486/1/486 1230/1/1230
f 1232/1/1232 486/1/486 1231/1/1231
f 1233/1/1233 486/1/486 1232/1/1232
f 1233/1/1233 489/1/489 1234/1/1234
f 1236/1/1236 491/1/491 1235/1/1235
f 1248/1/1248 490/1/490 1234/1/1234
f 1249/1/1249 490/1/490 1248/1/1248
f 1250/1/1250 490/1/490 1249/1/1249
f 1254/1/1254 498/1/498 1253/1/1253
f 1255/1/1255 498/1/498 1254/1/1254
f 1256/1/1256 498/1/498 1255/1/1255
f 1257/1/1257 498/1/498 1256/1/1256
f 1260/1/1260 503/1/503 1259/1/1259
f 1261/1/1261 503/1/503 1260/1/1260
f 1267/1/1267 513/1/513 1266/1/1266
f 1274/1/1274 513/1/513 1267/1/1267
f 1275/1/1275 513/1/513 1274/1/1274
f 1263/1/1263 513/1/513 1276/1/1276
f 1173/1/1173 434/1/434 1150/1/1150
f 1293/1/1293 525/1/525 1295/1/1295
f 1294/1/1294 526/1/526 1295/1/1295
f 1294/1/1294 451/1/451 1297/1/1297
f 1296/1/1296 527/1/527 1297/1/1297
f 1296/1/1296 450/1/450 1159/1/1159
f 1277/1/1277 436/1/436 1153/1/1153
f 1173/1/1173 456/1/456 1280/1/1280
f 1277/1/1277 521/1/521 1283/1/1283
f 1281/1/1281 438/1/438 1156/1/1156
f 1281/1/1281 522/1/522 1288/1/1288
f 1298/1/1298 463/1/463 1223/1/1223
f 1290/1/1290 452/1/452 1164/1/1164
f 1300/1/1300 528/1/528 1305/1/1305
f 1304/1/1304 486/1/486 1235/1/1235
f 1304/1/1304 529/1/529 1303/1/1303
f 1302/1/1302 529/1/529 1305/1/1305
f 1218/1/1218 478/1/478 1219/1/1219
f 1226/1/1226 483/1/483 1303/1/1303
f 1302/1/1302 479/1/479 1224/1/1224
f 1218/1/1218 461/1/461 1307/1/1307
f 1306/1/1306 530/1/530 1307/1/1307
f 1306/1/1306 460/1/460 1209/1/1209
f 1226/1/1226 477/1/477 1217/1/1217
f 1309/1/1309 476/1/476 1220/1/1220
f 1309/1/1309 530/1/530 1308/1/1308
f 1214/1/1214 472/1/472 1215/1/1215
f 1211/1/1211 471/1/471 1308/1/1308
f 1211/1/1211 470/1/470 1210/1/1210
f 15/1/15 638/1/638 13/1/13
f 16/1/16 639/1/639 15/1/15
f 15/1/15 640/1/640 16/1/16
f 18/1/18 642/1/642 17/1/17
f 17/1/17 643/1/643 18/1/18
f 20/1/20 645/1/645 19/1/19
f 36/1/36 650/1/650 649/1/649
f 67/1/67 680/1/680 66/1/66
f 66/1/66 681/1/681 67/1/67
f 69/1/69 683/1/683 68/1/68
f 68/1/68 684/1/684 69/1/69
f 71/1/71 686/1/686 70/1/70
f 70/1/70 687/1/687 71/1/71
f 73/1/73 689/1/689 72/1/72
f 86/1/86 709/1/709 85/1/85
f 103/1/103 713/1/713 104/1/104
f 106/1/106 715/1/715 105/1/105
f 105/1/105 716/1/716 106/1/106
f 108/1/108 718/1/718 107/1/107
f 107/1/107 719/1/719 108/1/108
f 110/1/110 721/1/721 109/1/109
f 109/1/109 722/1/722 110/1/110
f 112/1/112 724/1/724 111/1/111
f 111/1/111 725/1/725 726/1/726
f 114/1/114 727/1/727 726/1/726
f 113/1/113 728/1/728 729/1/729
f 116/1/116 730/1/730 729/1/729
f 115/1/115 731/1/731 116/1/116
f 118/1/118 733/1/733 117/1/117
f 119/1/119 741/1/741 120/1/120
f 128/1/128 744/1/744 127/1/127
f 129/1/129 744/1/744 130/1/130
f 130/1/130 747/1/747 129/1/129
f 131/1/131 747/1/747 132/1/132
f 132/1/132 750/1/750 131/1/131
f 133/1/133 750/1/750 134/1/134
f 134/1/134 753/1/753 133/1/133
f 135/1/135 753/1/753 136/1/136
f 136/1/136 756/1/756 755/1/755
f 137/1/137 756/1/756 757/1/757
f 138/1/138 759/1/759 758/1/758
f 150/1/150 760/1/760 128/1/128
f 130/1/130 760/1/760 151/1/151
f 151/1/151 761/1/761 130/1/130
f 132/1/132 761/1/761 152/1/152
f 152/1/152 763/1/763 132/1/132
f 134/1/134 763/1/763 153/1/153
f 153/1/153 765/1/765 134/1/134
f 136/1/136 765/1/765 154/1/154
f 154/1/154 767/1/767 757/1/757
f 168/1/168 769/1/769 764/1/764
f 154/1/154 768/1/768 179/1/179
f 186/1/186 774/1/774 185/1/185
f 187/1/187 778/1/778 188/1/188
f 190/1/190 780/1/780 189/1/189
f 189/1/189 781/1/781 190/1/190
f 192/1/192 783/1/783 191/1/191
f 191/1/191 784/1/784 192/1/192
f 194/1/194 786/1/786 193/1/193
f 193/1/193 788/1/788 194/1/194
f 196/1/196 791/1/791 195/1/195
f 5/1/5 792/1/792 187/1/187
f 189/1/189 778/1/778 199/1/199
f 199/1/199 797/1/797 189/1/189
f 191/1/191 781/1/781 200/1/200
f 200/1/200 800/1/800 191/1/191
f 193/1/193 784/1/784 201/1/201
f 201/1/201 803/1/803 193/1/193
f 195/1/195 788/1/788 202/1/202
f 205/1/205 809/1/809 204/1/204
f 206/1/206 809/1/809 207/1/207
f 207/1/207 812/1/812 811/1/811
f 208/1/208 812/1/812 813/1/813
f 209/1/209 815/1/815 814/1/814
f 210/1/210 815/1/815 816/1/816
f 211/1/211 818/1/818 210/1/210
f 212/1/212 818/1/818 213/1/213
f 213/1/213 821/1/821 212/1/212
f 214/1/214 821/1/821 215/1/215
f 215/1/215 826/1/826 214/1/214
f 216/1/216 826/1/826 105/1/105
f 105/1/105 713/1/713 216/1/216
f 218/1/218 828/1/828 205/1/205
f 207/1/207 828/1/828 219/1/219
f 219/1/219 830/1/830 813/1/813
f 209/1/209 830/1/830 833/1/833
f 220/1/220 832/1/832 816/1/816
f 211/1/211 832/1/832 835/1/835
f 221/1/221 834/1/834 211/1/211
f 213/1/213 834/1/834 222/1/222
f 222/1/222 837/1/837 213/1/213
f 215/1/215 837/1/837 107/1/107
f 107/1/107 716/1/716 215/1/215
f 188/1/188 780/1/780 203/1/203
f 223/1/223 840/1/840 190/1/190
f 203/1/203 840/1/840 217/1/217
f 224/1/224 842/1/842 223/1/223
f 217/1/217 842/1/842 225/1/225
f 226/1/226 845/1/845 224/1/224
f 225/1/225 845/1/845 227/1/227
f 228/1/228 847/1/847 226/1/226
f 227/1/227 847/1/847 229/1/229
f 230/1/230 849/1/849 228/1/228
f 229/1/229 849/1/849 231/1/231
f 232/1/232 851/1/851 230/1/230
f 231/1/231 851/1/851 233/1/233
f 234/1/234 855/1/855 232/1/232
f 233/1/233 855/1/855 119/1/119
f 121/1/121 741/1/741 234/1/234
f 235/1/235 856/1/856 218/1/218
f 219/1/219 856/1/856 236/1/236
f 236/1/236 859/1/859 833/1/833
f 220/1/220 859/1/859 862/1/862
f 237/1/237 861/1/861 835/1/835
f 221/1/221 861/1/861 865/1/865
f 238/1/238 864/1/864 221/1/221
f 222/1/222 864/1/864 109/1/109
f 109/1/109 719/1/719 222/1/222
f 239/1/239 868/1/868 235/1/235
f 236/1/236 868/1/868 240/1/240
f 240/1/240 869/1/869 862/1/862
f 237/1/237 869/1/869 873/1/873
f 241/1/241 872/1/872 865/1/865
f 238/1/238 872/1/872 871/1/871
f 111/1/111 722/1/722 238/1/238
f 242/1/242 876/1/876 239/1/239
f 240/1/240 876/1/876 243/1/243
f 243/1/243 878/1/878 873/1/873
f 241/1/241 878/1/878 877/1/877
f 113/1/113 725/1/725 871/1/871
f 244/1/244 883/1/883 242/1/242
f 243/1/243 883/1/883 115/1/115
f 115/1/115 728/1/728 877/1/877
f 117/1/117 731/1/731 244/1/244
f 245/1/245 890/1/890 118/1/118
f 116/1/116 733/1/733 246/1/246
f 246/1/246 893/1/893 892/1/892
f 114/1/114 730/1/730 892/1/892
f 247/1/247 896/1/896 895/1/895
f 112/1/112 727/1/727 895/1/895
f 248/1/248 899/1/899 112/1/112
f 110/1/110 724/1/724 249/1/249
f 249/1/249 902/1/902 110/1/110
f 108/1/108 721/1/721 250/1/250
f 250/1/250 905/1/905 108/1/108
f 106/1/106 718/1/718 251/1/251
f 251/1/251 907/1/907 106/1/106
f 104/1/104 715/1/715 252/1/252
f 246/1/246 890/1/890 61/1/61
f 204/1/204 911/1/911 186/1/186
f 139/1/139 774/1/774 255/1/255
f 255/1/255 909/1/909 758/1/758
f 255/1/255 911/1/911 206/1/206
f 199/1/199 792/1/792 8/1/8
f 8/1/8 639/1/639 199/1/199
f 200/1/200 797/1/797 16/1/16
f 16/1/16 642/1/642 200/1/200
f 201/1/201 800/1/800 18/1/18
f 18/1/18 645/1/645 201/1/201
f 202/1/202 803/1/803 20/1/20
f 190/1/190 783/1/783 223/1/223
f 256/1/256 913/1/913 192/1/192
f 223/1/223 913/1/913 224/1/224
f 257/1/257 915/1/915 256/1/256
f 224/1/224 915/1/915 226/1/226
f 258/1/258 917/1/917 257/1/257
f 226/1/226 917/1/917 228/1/228
f 259/1/259 919/1/919 258/1/258
f 228/1/228 919/1/919 230/1/230
f 260/1/260 921/1/921 259/1/259
f 230/1/230 921/1/921 232/1/232
f 261/1/261 924/1/924 260/1/260
f 232/1/232 924/1/924 234/1/234
f 262/1/262 929/1/929 261/1/261
f 234/1/234 929/1/929 121/1/121
f 17/1/17 640/1/640 29/1/29
f 192/1/192 786/1/786 256/1/256
f 263/1/263 931/1/931 194/1/194
f 256/1/256 931/1/931 257/1/257
f 264/1/264 933/1/933 263/1/263
f 257/1/257 933/1/933 258/1/258
f 265/1/265 935/1/935 264/1/264
f 258/1/258 935/1/935 259/1/259
f 266/1/266 938/1/938 265/1/265
f 259/1/259 938/1/938 260/1/260
f 267/1/267 941/1/941 266/1/266
f 260/1/260 941/1/941 261/1/261
f 55/1/55 923/1/923 267/1/267
f 55/1/55 656/1/656 926/1/926
f 56/1/56 927/1/927 926/1/926
f 19/1/19 643/1/643 36/1/36
f 194/1/194 791/1/791 263/1/263
f 268/1/268 944/1/944 196/1/196
f 21/1/21 646/1/646 43/1/43
f 247/1/247 893/1/893 888/1/888
f 61/1/61 672/1/672 888/1/888
f 206/1/206 950/1/950 951/1/951
f 271/1/271 950/1/950 811/1/811
f 208/1/208 953/1/953 954/1/954
f 272/1/272 953/1/953 814/1/814
f 210/1/210 956/1/956 272/1/272
f 273/1/273 956/1/956 212/1/212
f 212/1/212 959/1/959 273/1/273
f 274/1/274 959/1/959 214/1/214
f 214/1/214 962/1/962 274/1/274
f 275/1/275 962/1/962 216/1/216
f 216/1/216 964/1/964 275/1/275
f 276/1/276 964/1/964 103/1/103
f 248/1/248 896/1/896 891/1/891
f 63/1/63 676/1/676 891/1/891
f 271/1/271 949/1/949 755/1/755
f 137/1/137 909/1/909 951/1/951
f 135/1/135 949/1/949 954/1/954
f 249/1/249 899/1/899 67/1/67
f 65/1/65 680/1/680 248/1/248
f 272/1/272 952/1/952 135/1/135
f 133/1/133 952/1/952 273/1/273
f 68/1/68 681/1/681 277/1/277
f 277/1/277 970/1/970 68/1/68
f 70/1/70 684/1/684 278/1/278
f 278/1/278 972/1/972 70/1/70
f 72/1/72 687/1/687 279/1/279
f 250/1/250 902/1/902 69/1/69
f 67/1/67 683/1/683 249/1/249
f 273/1/273 955/1/955 133/1/133
f 131/1/131 955/1/955 274/1/274
f 278/1/278 970/1/970 282/1/282
f 282/1/282 979/1/979 278/1/278
f 279/1/279 972/1/972 283/1/283
f 251/1/251 905/1/905 71/1/71
f 69/1/69 686/1/686 250/1/250
f 274/1/274 958/1/958 131/1/131
f 129/1/129 958/1/958 275/1/275
f 283/1/283 979/1/979 86/1/86
f 252/1/252 907/1/907 73/1/73
f 71/1/71 689/1/689 251/1/251
f 275/1/275 961/1/961 129/1/129
f 127/1/127 961/1/961 276/1/276
f 308/1/308 987/1/987 305/1/305
f 309/1/309 988/1/988 308/1/308
f 329/1/329 1004/1/1004 1005/1/1005
f 330/1/330 1007/1/1007 1006/1/1006
f 336/1/336 1012/1/1012 334/1/334
f 338/1/338 1013/1/1013 336/1/336
f 340/1/340 1014/1/1014 338/1/338
f 342/1/342 1015/1/1015 340/1/340
f 345/1/345 1019/1/1019 1018/1/1018
f 347/1/347 1020/1/1020 1019/1/1019
f 348/1/348 1021/1/1021 347/1/347
f 350/1/350 1022/1/1022 348/1/348
f 352/1/352 1023/1/1023 350/1/350
f 355/1/355 1028/1/1028 1027/1/1027
f 357/1/357 1029/1/1029 1028/1/1028
f 359/1/359 1030/1/1030 1029/1/1029
f 361/1/361 1031/1/1031 1030/1/1030
f 363/1/363 1032/1/1032 361/1/361
f 365/1/365 1033/1/1033 363/1/363
f 368/1/368 1038/1/1038 1037/1/1037
f 370/1/370 1039/1/1039 1038/1/1038
f 379/1/379 1049/1/1049 1010/1/1010
f 382/1/382 1054/1/1054 1053/1/1053
f 384/1/384 1061/1/1061 1060/1/1060
f 390/1/390 1063/1/1063 386/1/386
f 386/1/386 1062/1/1062 384/1/384
f 406/1/406 1078/1/1078 1077/1/1077
f 328/1/328 1035/1/1035 1042/1/1042
f 378/1/378 1041/1/1041 1005/1/1005
f 422/1/422 1128/1/1128 1006/1/1006
f 331/1/331 1049/1/1049 1129/1/1129
f 423/1/423 1136/1/1136 1129/1/1129
f 379/1/379 1052/1/1052 1132/1/1132
f 381/1/381 1133/1/1133 1132/1/1132
f 426/1/426 1138/1/1138 1137/1/1137
f 431/1/431 1146/1/1146 1147/1/1147
f 432/1/432 1149/1/1149 431/1/431
f 433/1/433 1149/1/1149 434/1/434
f 434/1/434 1152/1/1152 433/1/433
f 435/1/435 1152/1/1152 436/1/436
f 436/1/436 1155/1/1155 435/1/435
f 437/1/437 1155/1/1155 438/1/438
f 449/1/449 1157/1/1157 448/1/448
f 451/1/451 1162/1/1162 450/1/450
f 432/1/432 1178/1/1178 456/1/456
f 458/1/458 1184/1/1184 1182/1/1182
f 447/1/447 1184/1/1184 1183/1/1183
f 459/1/459 1186/1/1186 1183/1/1183
f 445/1/445 1186/1/1186 1185/1/1185
f 460/1/460 1188/1/1188 1185/1/1185
f 443/1/443 1188/1/1188 1187/1/1187
f 461/1/461 1190/1/1190 1187/1/1187
f 441/1/441 1190/1/1190 1189/1/1189
f 462/1/462 1192/1/1192 1189/1/1189
f 439/1/439 1192/1/1192 1191/1/1191
f 463/1/463 1194/1/1194 1191/1/1191
f 466/1/466 1205/1/1205 1203/1/1203
f 458/1/458 1203/1/1203 1204/1/1204
f 468/1/468 1207/1/1207 1210/1/1210
f 470/1/470 1208/1/1208 1204/1/1204
f 459/1/459 1208/1/1208 1209/1/1209
f 475/1/475 1216/1/1216 1215/1/1215
f 476/1/476 1216/1/1216 1217/1/1217
f 477/1/477 1221/1/1221 1220/1/1220
f 478/1/478 1221/1/1221 1224/1/1224
f 479/1/479 1222/1/1222 1219/1/1219
f 462/1/462 1222/1/1222 1223/1/1223
f 475/1/475 1225/1/1225 1227/1/1227
f 484/1/484 1228/1/1228 482/1/482
f 485/1/485 1229/1/1229 484/1/484
f 483/1/483 1229/1/1229 1230/1/1230
f 487/1/487 1231/1/1231 485/1/485
f 488/1/488 1232/1/1232 487/1/487
f 489/1/489 1233/1/1233 488/1/488
f 486/1/486 1233/1/1233 490/1/490
f 490/1/490 1236/1/1236 1235/1/1235
f 495/1/495 1248/1/1248 489/1/489
f 496/1/496 1249/1/1249 495/1/495
f 497/1/497 1250/1/1250 496/1/496
f 499/1/499 1254/1/1254 1253/1/1253
f 500/1/500 1255/1/1255 1254/1/1254
f 501/1/501 1256/1/1256 1255/1/1255
f 502/1/502 1257/1/1257 501/1/501
f 504/1/504 1260/1/1260 1259/1/1259
f 505/1/505 1261/1/1261 1260/1/1260
f 512/1/512 1267/1/1267 1266/1/1266
f 515/1/515 1274/1/1274 1267/1/1267
f 516/1/516 1275/1/1275 1274/1/1274
f 424/1/424 1263/1/1263 520/1/520
f 456/1/456 1173/1/1173 432/1/432
f 524/1/524 1293/1/1293 1295/1/1295
f 451/1/451 1294/1/1294 1295/1/1295
f 526/1/526 1294/1/1294 1297/1/1297
f 450/1/450 1296/1/1296 1297/1/1297
f 527/1/527 1296/1/1296 1159/1/1159
f 521/1/521 1277/1/1277 434/1/434
f 434/1/434 1173/1/1173 521/1/521
f 436/1/436 1277/1/1277 522/1/522
f 522/1/522 1281/1/1281 436/1/436
f 438/1/438 1281/1/1281 524/1/524
f 528/1/528 1298/1/1298 1223/1/1223
f 525/1/525 1290/1/1290 1164/1/1164
f 491/1/491 1300/1/1300 1305/1/1305
f 529/1/529 1304/1/1304 1235/1/1235
f 486/1/486 1304/1/1304 1303/1/1303
f 479/1/479 1302/1/1302 1305/1/1305
f 461/1/461 1218/1/1218 1219/1/1219
f 477/1/477 1226/1/1226 1303/1/1303
f 529/1/529 1302/1/1302 1224/1/1224
f 478/1/478 1218/1/1218 1307/1/1307
f 460/1/460 1306/1/1306 1307/1/1307
f 530/1/530 1306/1/1306 1209/1/1209
f 483/1/483 1226/1/1226 1217/1/1217
f 530/1/530 1309/1/1309 1220/1/1220
f 476/1/476 1309/1/1309 1308/1/1308
f 471/1/471 1214/1/1214 1215/1/1215
f 470/1/470 1211/1/1211 1308/1/1308
f 471/1/471 1211/1/1211 1210/1/1210
f 558/1/558 1313/1/1313 556/1/556
f 559/1/559 1315/1/1315 1314/1/1314
f 561/1/561 1317/1/1317 1316/1/1316
f 563/1/563 1318/1/1318 561/1/561
f 565/1/565 1320/1/1320 563/1/563
f 588/1/588 1324/1/1324 586/1/586
f 628/1/628 1327/1/1327 627/1/627
f 638/1/638 637/1/637 13/1/13
f 639/1/639 638/1/638 15/1/15
f 640/1/640 641/1/641 16/1/16
f 642/1/642 641/1/641 17/1/17
f 643/1/643 644/1/644 18/1/18
f 645/1/645 644/1/644 19/1/19
f 36/1/36 649/1/649 34/1/34
f 659/1/659 658/1/658 57/1/57
f 680/1/680 679/1/679 66/1/66
f 681/1/681 682/1/682 67/1/67
f 683/1/683 682/1/682 68/1/68
f 684/1/684 685/1/685 69/1/69
f 686/1/686 685/1/685 70/1/70
f 687/1/687 688/1/688 71/1/71
f 689/1/689 688/1/688 72/1/72
f 713/1/713 714/1/714 104/1/104
f 715/1/715 714/1/714 105/1/105
f 716/1/716 717/1/717 106/1/106
f 718/1/718 717/1/717 107/1/107
f 719/1/719 720/1/720 108/1/108
f 721/1/721 720/1/720 109/1/109
f 722/1/722 723/1/723 110/1/110
f 724/1/724 723/1/723 111/1/111
f 111/1/111 726/1/726 112/1/112
f 114/1/114 726/1/726 113/1/113
f 113/1/113 729/1/729 114/1/114
f 116/1/116 729/1/729 115/1/115
f 731/1/731 732/1/732 116/1/116
f 733/1/733 732/1/732 117/1/117
f 741/1/741 742/1/742 120/1/120
f 744/1/744 743/1/743 127/1/127
f 744/1/744 745/1/745 130/1/130
f 747/1/747 746/1/746 129/1/129
f 747/1/747 748/1/748 132/1/132
f 750/1/750 749/1/749 131/1/131
f 750/1/750 751/1/751 134/1/134
f 753/1/753 752/1/752 133/1/133
f 753/1/753 754/1/754 136/1/136
f 136/1/136 755/1/755 135/1/135
f 137/1/137 757/1/757 138/1/138
f 138/1/138 758/1/758 137/1/137
f 760/1/760 745/1/745 128/1/128
f 760/1/760 762/1/762 151/1/151
f 761/1/761 748/1/748 130/1/130
f 761/1/761 764/1/764 152/1/152
f 763/1/763 751/1/751 132/1/132
f 763/1/763 766/1/766 153/1/153
f 765/1/765 754/1/754 134/1/134
f 765/1/765 768/1/768 154/1/154
f 154/1/154 757/1/757 136/1/136
f 168/1/168 764/1/764 151/1/151
f 768/1/768 770/1/770 179/1/179
f 774/1/774 773/1/773 185/1/185
f 778/1/778 779/1/779 188/1/188
f 780/1/780 779/1/779 189/1/189
f 781/1/781 782/1/782 190/1/190
f 783/1/783 782/1/782 191/1/191
f 784/1/784 785/1/785 192/1/192
f 786/1/786 785/1/785 193/1/193
f 788/1/788 789/1/789 194/1/194
f 791/1/791 789/1/789 195/1/195
f 792/1/792 794/1/794 187/1/187
f 778/1/778 794/1/794 199/1/199
f 797/1/797 796/1/796 189/1/189
f 781/1/781 796/1/796 200/1/200
f 800/1/800 799/1/799 191/1/191
f 784/1/784 799/1/799 201/1/201
f 803/1/803 802/1/802 193/1/193
f 788/1/788 802/1/802 202/1/202
f 809/1/809 808/1/808 204/1/204
f 809/1/809 810/1/810 207/1/207
f 207/1/207 811/1/811 206/1/206
f 208/1/208 813/1/813 209/1/209
f 209/1/209 814/1/814 208/1/208
f 210/1/210 816/1/816 211/1/211
f 818/1/818 817/1/817 210/1/210
f 818/1/818 819/1/819 213/1/213
f 821/1/821 820/1/820 212/1/212
f 821/1/821 823/1/823 215/1/215
f 826/1/826 825/1/825 214/1/214
f 826/1/826 822/1/822 105/1/105
f 713/1/713 824/1/824 216/1/216
f 828/1/828 810/1/810 205/1/205
f 828/1/828 831/1/831 219/1/219
f 219/1/219 813/1/813 207/1/207
f 209/1/209 833/1/833 220/1/220
f 220/1/220 816/1/816 209/1/209
f 211/1/211 835/1/835 221/1/221
f 834/1/834 819/1/819 211/1/211
f 834/1/834 838/1/838 222/1/222
f 837/1/837 823/1/823 213/1/213
f 837/1/837 836/1/836 107/1/107
f 716/1/716 822/1/822 215/1/215
f 780/1/780 804/1/804 203/1/203
f 840/1/840 804/1/804 190/1/190
f 840/1/840 841/1/841 217/1/217
f 842/1/842 841/1/841 223/1/223
f 842/1/842 844/1/844 225/1/225
f 845/1/845 844/1/844 224/1/224
f 845/1/845 846/1/846 227/1/227
f 847/1/847 846/1/846 226/1/226
f 847/1/847 848/1/848 229/1/229
f 849/1/849 848/1/848 228/1/228
f 849/1/849 850/1/850 231/1/231
f 851/1/851 850/1/850 230/1/230
f 851/1/851 853/1/853 233/1/233
f 855/1/855 853/1/853 232/1/232
f 855/1/855 854/1/854 119/1/119
f 741/1/741 854/1/854 234/1/234
f 856/1/856 831/1/831 218/1/218
f 856/1/856 860/1/860 236/1/236
f 236/1/236 833/1/833 219/1/219
f 220/1/220 862/1/862 237/1/237
f 237/1/237 835/1/835 220/1/220
f 221/1/221 865/1/865 238/1/238
f 864/1/864 838/1/838 221/1/221
f 864/1/864 863/1/863 109/1/109
f 719/1/719 836/1/836 222/1/222
f 868/1/868 860/1/860 235/1/235
f 868/1/868 870/1/870 240/1/240
f 240/1/240 862/1/862 236/1/236
f 237/1/237 873/1/873 241/1/241
f 241/1/241 865/1/865 237/1/237
f 238/1/238 871/1/871 111/1/111
f 722/1/722 863/1/863 238/1/238
f 876/1/876 870/1/870 239/1/239
f 876/1/876 879/1/879 243/1/243
f 243/1/243 873/1/873 240/1/240
f 241/1/241 877/1/877 113/1/113
f 113/1/113 871/1/871 241/1/241
f 883/1/883 879/1/879 242/1/242
f 883/1/883 880/1/880 115/1/115
f 115/1/115 877/1/877 243/1/243
f 731/1/731 880/1/880 244/1/244
f 890/1/890 889/1/889 118/1/118
f 733/1/733 889/1/889 246/1/246
f 246/1/246 892/1/892 116/1/116
f 114/1/114 892/1/892 247/1/247
f 247/1/247 895/1/895 114/1/114
f 112/1/112 895/1/895 248/1/248
f 899/1/899 898/1/898 112/1/112
f 724/1/724 898/1/898 249/1/249
f 902/1/902 901/1/901 110/1/110
f 721/1/721 901/1/901 250/1/250
f 905/1/905 904/1/904 108/1/108
f 718/1/718 904/1/904 251/1/251
f 907/1/907 906/1/906 106/1/106
f 715/1/715 906/1/906 252/1/252
f 890/1/890 886/1/886 61/1/61
f 911/1/911 910/1/910 186/1/186
f 774/1/774 910/1/910 255/1/255
f 255/1/255 758/1/758 139/1/139
f 911/1/911 808/1/808 206/1/206
f 792/1/792 636/1/636 8/1/8
f 639/1/639 793/1/793 199/1/199
f 797/1/797 793/1/793 16/1/16
f 642/1/642 795/1/795 200/1/200
f 800/1/800 795/1/795 18/1/18
f 645/1/645 798/1/798 201/1/201
f 803/1/803 798/1/798 20/1/20
f 783/1/783 839/1/839 223/1/223
f 913/1/913 839/1/839 192/1/192
f 913/1/913 914/1/914 224/1/224
f 915/1/915 914/1/914 256/1/256
f 915/1/915 916/1/916 226/1/226
f 917/1/917 916/1/916 257/1/257
f 917/1/917 918/1/918 228/1/228
f 919/1/919 918/1/918 258/1/258
f 919/1/919 920/1/920 230/1/230
f 921/1/921 920/1/920 259/1/259
f 921/1/921 922/1/922 232/1/232
f 924/1/924 922/1/922 260/1/260
f 924/1/924 925/1/925 234/1/234
f 929/1/929 925/1/925 261/1/261
f 929/1/929 928/1/928 121/1/121
f 640/1/640 648/1/648 29/1/29
f 786/1/786 912/1/912 256/1/256
f 931/1/931 912/1/912 194/1/194
f 931/1/931 932/1/932 257/1/257
f 933/1/933 932/1/932 263/1/263
f 933/1/933 934/1/934 258/1/258
f 935/1/935 934/1/934 264/1/264
f 935/1/935 936/1/936 259/1/259
f 938/1/938 936/1/936 265/1/265
f 938/1/938 939/1/939 260/1/260
f 941/1/941 939/1/939 266/1/266
f 941/1/941 942/1/942 261/1/261
f 923/1/923 942/1/942 267/1/267
f 55/1/55 926/1/926 262/1/262
f 643/1/643 650/1/650 36/1/36
f 791/1/791 930/1/930 263/1/263
f 944/1/944 930/1/930 196/1/196
f 646/1/646 651/1/651 43/1/43
f 247/1/247 888/1/888 63/1/63
f 61/1/61 888/1/888 246/1/246
f 206/1/206 951/1/951 255/1/255
f 271/1/271 811/1/811 208/1/208
f 208/1/208 954/1/954 271/1/271
f 272/1/272 814/1/814 210/1/210
f 956/1/956 957/1/957 272/1/272
f 956/1/956 817/1/817 212/1/212
f 959/1/959 960/1/960 273/1/273
f 959/1/959 820/1/820 214/1/214
f 962/1/962 963/1/963 274/1/274
f 962/1/962 825/1/825 216/1/216
f 964/1/964 965/1/965 275/1/275
f 964/1/964 824/1/824 103/1/103
f 248/1/248 891/1/891 65/1/65
f 63/1/63 891/1/891 247/1/247
f 271/1/271 755/1/755 137/1/137
f 137/1/137 951/1/951 271/1/271
f 135/1/135 954/1/954 272/1/272
f 899/1/899 894/1/894 67/1/67
f 680/1/680 894/1/894 248/1/248
f 952/1/952 752/1/752 135/1/135
f 952/1/952 957/1/957 273/1/273
f 681/1/681 966/1/966 277/1/277
f 970/1/970 969/1/969 68/1/68
f 684/1/684 969/1/969 278/1/278
f 972/1/972 971/1/971 70/1/70
f 687/1/687 971/1/971 279/1/279
f 902/1/902 897/1/897 69/1/69
f 683/1/683 897/1/897 249/1/249
f 955/1/955 749/1/749 133/1/133
f 955/1/955 960/1/960 274/1/274
f 970/1/970 977/1/977 282/1/282
f 979/1/979 978/1/978 278/1/278
f 972/1/972 978/1/978 283/1/283
f 905/1/905 900/1/900 71/1/71
f 686/1/686 900/1/900 250/1/250
f 958/1/958 746/1/746 131/1/131
f 958/1/958 963/1/963 275/1/275
f 979/1/979 976/1/976 86/1/86
f 907/1/907 903/1/903 73/1/73
f 689/1/689 903/1/903 251/1/251
f 961/1/961 743/1/743 129/1/129
f 961/1/961 965/1/965 276/1/276
f 987/1/987 986/1/986 305/1/305
f 988/1/988 987/1/987 308/1/308
f 329/1/329 1005/1/1005 330/1/330
f 330/1/330 1006/1/1006 329/1/329
f 1012/1/1012 1011/1/1011 334/1/334
f 1013/1/1013 1012/1/1012 336/1/336
f 1014/1/1014 1013/1/1013 338/1/338
f 1015/1/1015 1014/1/1014 340/1/340
f 345/1/345 1018/1/1018 342/1/342
f 347/1/347 1019/1/1019 345/1/345
f 1021/1/1021 1020/1/1020 347/1/347
f 1022/1/1022 1021/1/1021 348/1/348
f 1023/1/1023 1022/1/1022 350/1/350
f 355/1/355 1027/1/1027 352/1/352
f 357/1/357 1028/1/1028 355/1/355
f 359/1/359 1029/1/1029 357/1/357
f 361/1/361 1030/1/1030 359/1/359
f 1032/1/1032 1031/1/1031 361/1/361
f 1033/1/1033 1032/1/1032 363/1/363
f 368/1/368 1037/1/1037 365/1/365
f 370/1/370 1038/1/1038 368/1/368
f 380/1/380 1053/1/1053 381/1/381
f 1057/1/1057 1056/1/1056 382/1/382
f 1063/1/1063 1062/1/1062 386/1/386
f 1062/1/1062 1061/1/1061 384/1/384
f 328/1/328 1042/1/1042 378/1/378
f 378/1/378 1005/1/1005 328/1/328
f 422/1/422 1006/1/1006 331/1/331
f 331/1/331 1129/1/1129 422/1/422
f 423/1/423 1129/1/1129 379/1/379
f 379/1/379 1132/1/1132 423/1/423
f 381/1/381 1132/1/1132 380/1/380
f 426/1/426 1137/1/1137 424/1/424
f 431/1/431 1147/1/1147 432/1/432
f 1149/1/1149 1148/1/1148 431/1/431
f 1149/1/1149 1150/1/1150 434/1/434
f 1152/1/1152 1151/1/1151 433/1/433
f 1152/1/1152 1153/1/1153 436/1/436
f 1155/1/1155 1154/1/1154 435/1/435
f 1155/1/1155 1156/1/1156 438/1/438
f 1162/1/1162 1161/1/1161 450/1/450
f 1171/1/1171 1172/1/1172 455/1/455
f 1178/1/1178 1179/1/1179 456/1/456
f 458/1/458 1182/1/1182 457/1/457
f 447/1/447 1183/1/1183 445/1/445
f 459/1/459 1183/1/1183 458/1/458
f 445/1/445 1185/1/1185 443/1/443
f 460/1/460 1185/1/1185 459/1/459
f 443/1/443 1187/1/1187 441/1/441
f 461/1/461 1187/1/1187 460/1/460
f 441/1/441 1189/1/1189 439/1/439
f 462/1/462 1189/1/1189 461/1/461
f 439/1/439 1191/1/1191 437/1/437
f 463/1/463 1191/1/1191 462/1/462
f 466/1/466 1203/1/1203 458/1/458
f 458/1/458 1204/1/1204 459/1/459
f 468/1/468 1210/1/1210 470/1/470
f 470/1/470 1204/1/1204 468/1/468
f 459/1/459 1209/1/1209 460/1/460
f 475/1/475 1215/1/1215 472/1/472
f 476/1/476 1217/1/1217 477/1/477
f 477/1/477 1220/1/1220 476/1/476
f 478/1/478 1224/1/1224 479/1/479
f 479/1/479 1219/1/1219 478/1/478
f 462/1/462 1223/1/1223 463/1/463
f 475/1/475 1227/1/1227 483/1/483
f 1228/1/1228 1227/1/1227 482/1/482
f 1229/1/1229 1228/1/1228 484/1/484
f 483/1/483 1230/1/1230 486/1/486
f 1231/1/1231 1230/1/1230 485/1/485
f 1232/1/1232 1231/1/1231 487/1/487
f 1233/1/1233 1232/1/1232 488/1/488
f 1233/1/1233 1234/1/1234 490/1/490
f 490/1/490 1235/1/1235 486/1/486
f 1248/1/1248 1234/1/1234 489/1/489
f 1249/1/1249 1248/1/1248 495/1/495
f 1250/1/1250 1249/1/1249 496/1/496
f 499/1/499 1253/1/1253 497/1/497
f 500/1/500 1254/1/1254 499/1/499
f 501/1/501 1255/1/1255 500/1/500
f 1257/1/1257 1256/1/1256 501/1/501
f 504/1/504 1259/1/1259 502/1/502
f 505/1/505 1260/1/1260 504/1/504
f 512/1/512 1266/1/1266 509/1/509
f 515/1/515 1267/1/1267 512/1/512
f 516/1/516 1274/1/1274 515/1/515
f 1263/1/1263 1276/1/1276 520/1/520
f 1173/1/1173 1150/1/1150 432/1/432
f 524/1/524 1295/1/1295 526/1/526
f 451/1/451 1295/1/1295 525/1/525
f 526/1/526 1297/1/1297 527/1/527
f 450/1/450 1297/1/1297 451/1/451
f 527/1/527 1159/1/1159 449/1/449
f 1277/1/1277 1153/1/1153 434/1/434
f 1173/1/1173 1280/1/1280 521/1/521
f 1277/1/1277 1283/1/1283 522/1/522
f 1281/1/1281 1156/1/1156 436/1/436
f 1281/1/1281 1288/1/1288 524/1/524
f 528/1/528 1223/1/1223 479/1/479
f 525/1/525 1164/1/1164 451/1/451
f 491/1/491 1305/1/1305 529/1/529
f 529/1/529 1235/1/1235 491/1/491
f 486/1/486 1303/1/1303 483/1/483
f 479/1/479 1305/1/1305 528/1/528
f 461/1/461 1219/1/1219 462/1/462
f 477/1/477 1303/1/1303 529/1/529
f 529/1/529 1224/1/1224 477/1/477
f 478/1/478 1307/1/1307 530/1/530
f 460/1/460 1307/1/1307 461/1/461
f 530/1/530 1209/1/1209 470/1/470
f 483/1/483 1217/1/1217 475/1/475
f 530/1/530 1220/1/1220 478/1/478
f 476/1/476 1308/1/1308 471/1/471
f 471/1/471 1215/1/1215 476/1/476
f 470/1/470 1308/1/1308 530/1/530
f 471/1/471 1210/1/1210 469/1/469
f 1313/1/1313 1312/1/1312 556/1/556
f 559/1/559 1314/1/1314 558/1/558
f 561/1/561 1316/1/1316 559/1/559
f 1318/1/1318 1317/1/1317 561/1/561
f 1320/1/1320 1319/1/1319 563/1/563
f 1324/1/1324 1323/1/1323 586/1/586
f 1327/1/1327 1326/1/1326 627/1/627
f 59/1/59 665/1/665 666/1/666
f 666/1/666 667/1/667 60/1/60
f 665/1/665 667/1/667 666/1/666
f 59/1/59 666/1/666 668/1/668
f 666/1/666 60/1/60 669/1/669
f 668/1/668 669/1/669 61/1/61
f 666/1/666 669/1/669 668/1/668
f 61/1/61 669/1/669 671/1/671
f 669/1/669 60/1/60 670/1/670
f 671/1/671 670/1/670 62/1/62
f 669/1/669 670/1/670 671/1/671
f 61/1/61 671/1/671 672/1/672
f 671/1/671 62/1/62 673/1/673
f 672/1/672 673/1/673 63/1/63
f 671/1/671 673/1/673 672/1/672
f 63/1/63 673/1/673 675/1/675
f 673/1/673 62/1/62 674/1/674
f 675/1/675 674/1/674 64/1/64
f 673/1/673 674/1/674 675/1/675
f 63/1/63 675/1/675 676/1/676
f 675/1/675 64/1/64 677/1/677
f 676/1/676 677/1/677 65/1/65
f 675/1/675 677/1/677 676/1/676
f 65/1/65 677/1/677 679/1/679
f 677/1/677 64/1/64 678/1/678
f 679/1/679 678/1/678 66/1/66
f 677/1/677 678/1/678 679/1/679
f 60/1/60 692/1/692 670/1/670
f 670/1/670 693/1/693 62/1/62
f 692/1/692 693/1/693 670/1/670
f 62/1/62 695/1/695 674/1/674
f 674/1/674 696/1/696 64/1/64
f 695/1/695 696/1/696 674/1/674
f 64/1/64 698/1/698 699/1/699
f 699/1/699 701/1/701 82/1/82
f 698/1/698 701/1/701 699/1/699
f 82/1/82 702/1/702 703/1/703
f 703/1/703 704/1/704 83/1/83
f 702/1/702 704/1/704 703/1/703
f 708/1/708 86/1/86 707/1/707
f 120/1/120 742/1/742 736/1/736
f 742/1/742 121/1/121 740/1/740
f 736/1/736 740/1/740 57/1/57
f 742/1/742 740/1/740 736/1/736
f 57/1/57 740/1/740 657/1/657
f 740/1/740 121/1/121 739/1/739
f 657/1/657 739/1/739 56/1/56
f 740/1/740 739/1/739 657/1/657
f 245/1/245 885/1/885 886/1/886
f 885/1/885 59/1/59 668/1/668
f 886/1/886 668/1/668 61/1/61
f 885/1/885 668/1/668 886/1/886
f 58/1/58 737/1/737 658/1/658
f 737/1/737 120/1/120 736/1/736
f 658/1/658 736/1/736 57/1/57
f 737/1/737 736/1/736 658/1/658
f 121/1/121 928/1/928 739/1/739
f 928/1/928 262/1/262 927/1/927
f 739/1/739 927/1/927 56/1/56
f 928/1/928 927/1/927 739/1/739
f 64/1/64 699/1/699 678/1/678
f 699/1/699 82/1/82 700/1/700
f 678/1/678 700/1/700 66/1/66
f 699/1/699 700/1/700 678/1/678
f 66/1/66 700/1/700 966/1/966
f 700/1/700 82/1/82 967/1/967
f 966/1/966 967/1/967 277/1/277
f 700/1/700 967/1/967 966/1/966
f 82/1/82 703/1/703 967/1/967
f 703/1/703 83/1/83 968/1/968
f 967/1/967 968/1/968 277/1/277
f 703/1/703 968/1/968 967/1/967
f 277/1/277 968/1/968 977/1/977
f 968/1/968 83/1/83 974/1/974
f 977/1/977 974/1/974 282/1/282
f 968/1/968 974/1/974 977/1/977
f 83/1/83 706/1/706 974/1/974
f 706/1/706 84/1/84 975/1/975
f 974/1/974 975/1/975 282/1/282
f 706/1/706 975/1/975 974/1/974
f 282/1/282 975/1/975 976/1/976
f 975/1/975 84/1/84 707/1/707
f 976/1/976 707/1/707 86/1/86
f 975/1/975 707/1/707 976/1/976
f 297/1/297 983/1/983 985/1/985
f 983/1/983 305/1/305 986/1/986
f 985/1/985 986/1/986 306/1/306
f 983/1/983 986/1/986 985/1/985
f 325/1/325 996/1/996 998/1/998
f 996/1/996 324/1/324 997/1/997
f 998/1/998 997/1/997 326/1/326
f 996/1/996 997/1/997 998/1/998
f 325/1/325 998/1/998 999/1/999
f 998/1/998 326/1/326 1000/1/1000
f 999/1/999 1000/1/1000 327/1/327
f 998/1/998 1000/1/1000 999/1/999
f 327/1/327 1000/1/1000 1002/1/1002
f 1000/1/1000 326/1/326 1001/1/1001
f 1002/1/1002 1001/1/1001 328/1/328
f 1000/1/1000 1001/1/1001 1002/1/1002
f 327/1/327 1002/1/1002 1003/1/1003
f 1002/1/1002 328/1/328 1004/1/1004
f 1003/1/1003 1004/1/1004 329/1/329
f 1002/1/1002 1004/1/1004 1003/1/1003
f 331/1/331 1007/1/1007 1009/1/1009
f 1007/1/1007 330/1/330 1008/1/1008
f 1009/1/1009 1008/1/1008 332/1/332
f 1007/1/1007 1008/1/1008 1009/1/1009
f 331/1/331 1009/1/1009 1010/1/1010
f 322/1/322 1015/1/1015 1016/1/1016
f 1015/1/1015 342/1/342 1018/1/1018
f 1016/1/1016 1018/1/1018 343/1/343
f 1015/1/1015 1018/1/1018 1016/1/1016
f 343/1/343 1023/1/1023 1026/1/1026
f 1023/1/1023 352/1/352 1027/1/1027
f 1026/1/1026 1027/1/1027 354/1/354
f 1023/1/1023 1027/1/1027 1026/1/1026
f 354/1/354 1033/1/1033 1036/1/1036
f 1033/1/1033 365/1/365 1037/1/1037
f 1036/1/1036 1037/1/1037 367/1/367
f 1033/1/1033 1037/1/1037 1036/1/1036
f 354/1/354 1036/1/1036 1025/1/1025
f 1036/1/1036 367/1/367 1034/1/1034
f 1025/1/1025 1034/1/1034 326/1/326
f 1036/1/1036 1034/1/1034 1025/1/1025
f 326/1/326 1034/1/1034 1001/1/1001
f 1034/1/1034 367/1/367 1035/1/1035
f 1001/1/1001 1035/1/1035 328/1/328
f 1034/1/1034 1035/1/1035 1001/1/1001
f 378/1/378 1048/1/1048 1041/1/1041
f 1041/1/1041 1046/1/1046 330/1/330
f 1048/1/1048 1046/1/1046 1041/1/1041
f 330/1/330 1046/1/1046 1008/1/1008
f 1008/1/1008 1047/1/1047 332/1/332
f 1046/1/1046 1047/1/1047 1008/1/1008
f 381/1/381 1054/1/1054 1055/1/1055
f 1054/1/1054 382/1/382 1056/1/1056
f 1055/1/1055 1056/1/1056 383/1/383
f 1054/1/1054 1056/1/1056 1055/1/1055
f 390/1/390 1064/1/1064 1066/1/1066
f 1064/1/1064 400/1/400 1067/1/1067
f 1066/1/1066 1067/1/1067 401/1/401
f 1064/1/1064 1067/1/1067 1066/1/1066
f 401/1/401 1067/1/1067 1069/1/1069
f 1067/1/1067 400/1/400 1068/1/1068
f 1069/1/1069 1068/1/1068 402/1/402
f 1067/1/1067 1068/1/1068 1069/1/1069
f 401/1/401 1069/1/1069 1070/1/1070
f 1069/1/1069 402/1/402 1071/1/1071
f 1070/1/1070 1071/1/1071 403/1/403
f 1069/1/1069 1071/1/1071 1070/1/1070
f 403/1/403 1071/1/1071 1073/1/1073
f 1071/1/1071 402/1/402 1072/1/1072
f 1073/1/1073 1072/1/1072 404/1/404
f 1071/1/1071 1072/1/1072 1073/1/1073
f 403/1/403 1073/1/1073 1074/1/1074
f 1073/1/1073 404/1/404 1075/1/1075
f 1074/1/1074 1075/1/1075 405/1/405
f 1073/1/1073 1075/1/1075 1074/1/1074
f 405/1/405 1075/1/1075 1077/1/1077
f 1075/1/1075 404/1/404 1076/1/1076
f 1075/1/1075 1076/1/1076 1077/1/1077
f 409/1/409 1083/1/1083 1082/1/1082
f 1083/1/1083 404/1/404 1072/1/1072
f 1082/1/1082 1072/1/1072 402/1/402
f 1083/1/1083 1072/1/1072 1082/1/1082
f 404/1/404 1084/1/1084 1076/1/1076
f 405/1/405 1078/1/1078 1085/1/1085
f 1078/1/1078 406/1/406 1086/1/1086
f 1085/1/1085 1086/1/1086 410/1/410
f 1078/1/1078 1086/1/1086 1085/1/1085
f 410/1/410 1086/1/1086 1089/1/1089
f 1086/1/1086 406/1/406 1088/1/1088
f 1089/1/1089 1088/1/1088 411/1/411
f 1086/1/1086 1088/1/1088 1089/1/1089
f 410/1/410 1089/1/1089 1092/1/1092
f 1089/1/1089 411/1/411 1093/1/1093
f 1092/1/1092 1093/1/1093 412/1/412
f 1089/1/1089 1093/1/1093 1092/1/1092
f 412/1/412 1093/1/1093 1090/1/1090
f 1093/1/1093 411/1/411 1087/1/1087
f 1090/1/1090 1087/1/1087 293/1/293
f 1093/1/1093 1087/1/1087 1090/1/1090
f 412/1/412 1090/1/1090 1091/1/1091
f 1090/1/1090 293/1/293 984/1/984
f 1091/1/1091 984/1/984 306/1/306
f 1090/1/1090 984/1/984 1091/1/1091
f 306/1/306 984/1/984 985/1/985
f 984/1/984 293/1/293 982/1/982
f 985/1/985 982/1/982 297/1/297
f 984/1/984 982/1/982 985/1/985
f 410/1/410 1098/1/1098 1103/1/1103
f 1098/1/1098 414/1/414 1104/1/1104
f 1103/1/1103 1104/1/1104 415/1/415
f 1098/1/1098 1104/1/1104 1103/1/1103
f 410/1/410 1103/1/1103 1085/1/1085
f 1103/1/1103 415/1/415 1102/1/1102
f 1085/1/1085 1102/1/1102 405/1/405
f 1103/1/1103 1102/1/1102 1085/1/1085
f 405/1/405 1102/1/1102 1074/1/1074
f 1102/1/1102 415/1/415 1101/1/1101
f 1074/1/1074 1101/1/1101 403/1/403
f 1102/1/1102 1101/1/1101 1074/1/1074
f 414/1/414 1108/1/1108 1109/1/1109
f 1108/1/1108 416/1/416 1111/1/1111
f 1109/1/1109 1111/1/1111 417/1/417
f 1108/1/1108 1111/1/1111 1109/1/1109
f 414/1/414 1109/1/1109 1104/1/1104
f 1109/1/1109 417/1/417 1110/1/1110
f 1104/1/1104 1110/1/1110 415/1/415
f 1109/1/1109 1110/1/1110 1104/1/1104
f 415/1/415 1110/1/1110 1114/1/1114
f 1110/1/1110 417/1/417 1115/1/1115
f 1114/1/1114 1115/1/1115 418/1/418
f 1110/1/1110 1115/1/1115 1114/1/1114
f 415/1/415 1114/1/1114 1101/1/1101
f 1114/1/1114 418/1/418 1113/1/1113
f 1101/1/1101 1113/1/1113 403/1/403
f 1114/1/1114 1113/1/1113 1101/1/1101
f 403/1/403 1113/1/1113 1070/1/1070
f 1113/1/1113 418/1/418 1112/1/1112
f 1070/1/1070 1112/1/1112 401/1/401
f 1113/1/1113 1112/1/1112 1070/1/1070
f 324/1/324 1017/1/1017 1024/1/1024
f 1017/1/1017 343/1/343 1026/1/1026
f 1024/1/1024 1026/1/1026 354/1/354
f 1017/1/1017 1026/1/1026 1024/1/1024
f 324/1/324 1024/1/1024 997/1/997
f 1024/1/1024 354/1/354 1025/1/1025
f 997/1/997 1025/1/1025 326/1/326
f 1024/1/1024 1025/1/1025 997/1/997
f 325/1/325 999/1/999 1105/1/1105
f 999/1/999 327/1/327 1106/1/1106
f 1105/1/1105 1106/1/1106 416/1/416
f 999/1/999 1106/1/1106 1105/1/1105
f 416/1/416 1106/1/1106 1118/1/1118
f 1106/1/1106 327/1/327 1116/1/1116
f 1118/1/1118 1116/1/1116 419/1/419
f 1106/1/1106 1116/1/1116 1118/1/1118
f 416/1/416 1118/1/1118 1111/1/1111
f 1118/1/1118 419/1/419 1119/1/1119
f 1111/1/1111 1119/1/1119 417/1/417
f 1118/1/1118 1119/1/1119 1111/1/1111
f 417/1/417 1119/1/1119 1120/1/1120
f 1119/1/1119 419/1/419 1122/1/1122
f 1120/1/1120 1122/1/1122 420/1/420
f 1119/1/1119 1122/1/1122 1120/1/1120
f 417/1/417 1120/1/1120 1115/1/1115
f 1120/1/1120 420/1/420 1121/1/1121
f 1115/1/1115 1121/1/1121 418/1/418
f 1120/1/1120 1121/1/1121 1115/1/1115
f 418/1/418 1121/1/1121 1126/1/1126
f 1121/1/1121 420/1/420 1127/1/1127
f 1126/1/1126 1127/1/1127 421/1/421
f 1121/1/1121 1127/1/1127 1126/1/1126
f 418/1/418 1126/1/1126 1112/1/1112
f 1126/1/1126 421/1/421 1125/1/1125
f 1112/1/1112 1125/1/1125 401/1/401
f 1126/1/1126 1125/1/1125 1112/1/1112
f 401/1/401 1125/1/1125 1065/1/1065
f 1125/1/1125 421/1/421 1124/1/1124
f 1065/1/1065 1124/1/1124 383/1/383
f 1125/1/1125 1124/1/1124 1065/1/1065
f 401/1/401 1065/1/1065 1066/1/1066
f 1065/1/1065 383/1/383 1063/1/1063
f 1066/1/1066 1063/1/1063 390/1/390
f 1065/1/1065 1063/1/1063 1066/1/1066
f 327/1/327 1003/1/1003 1116/1/1116
f 1003/1/1003 329/1/329 1117/1/1117
f 1116/1/1116 1117/1/1117 419/1/419
f 1003/1/1003 1117/1/1117 1116/1/1116
f 419/1/419 1117/1/1117 1130/1/1130
f 1117/1/1117 329/1/329 1128/1/1128
f 1130/1/1130 1128/1/1128 422/1/422
f 1117/1/1117 1128/1/1128 1130/1/1130
f 419/1/419 1130/1/1130 1122/1/1122
f 1130/1/1130 422/1/422 1131/1/1131
f 1122/1/1122 1131/1/1131 420/1/420
f 1130/1/1130 1131/1/1131 1122/1/1122
f 420/1/420 1131/1/1131 1134/1/1134
f 1131/1/1131 422/1/422 1136/1/1136
f 1134/1/1134 1136/1/1136 423/1/423
f 1131/1/1131 1136/1/1136 1134/1/1134
f 420/1/420 1134/1/1134 1127/1/1127
f 1134/1/1134 423/1/423 1135/1/1135
f 1127/1/1127 1135/1/1135 421/1/421
f 1134/1/1134 1135/1/1135 1127/1/1127
f 421/1/421 1135/1/1135 1123/1/1123
f 1135/1/1135 423/1/423 1133/1/1133
f 1123/1/1123 1133/1/1133 381/1/381
f 1135/1/1135 1133/1/1133 1123/1/1123
f 421/1/421 1123/1/1123 1124/1/1124
f 1123/1/1123 381/1/381 1055/1/1055
f 1124/1/1124 1055/1/1055 383/1/383
f 1123/1/1123 1055/1/1055 1124/1/1124
f 377/1/377 1043/1/1043 1040/1/1040
f 1043/1/1043 378/1/378 1042/1/1042
f 1040/1/1040 1042/1/1042 367/1/367
f 1043/1/1043 1042/1/1042 1040/1/1040
f 428/1/428 1138/1/1138 1140/1/1140
f 1138/1/1138 426/1/426 1139/1/1139
f 1140/1/1140 1139/1/1139 429/1/429
f 1138/1/1138 1139/1/1139 1140/1/1140
f 428/1/428 1140/1/1140 1141/1/1141
f 1140/1/1140 429/1/429 1142/1/1142
f 1141/1/1141 1142/1/1142 430/1/430
f 1140/1/1140 1142/1/1142 1141/1/1141
f 430/1/430 1142/1/1142 1144/1/1144
f 1142/1/1142 429/1/429 1143/1/1143
f 1142/1/1142 1143/1/1143 1144/1/1144
f 430/1/430 1144/1/1144 1145/1/1145
f 1145/1/1145 1146/1/1146 431/1/431
f 1144/1/1144 1146/1/1146 1145/1/1145
f 437/1/437 1194/1/1194 1154/1/1154
f 1194/1/1194 463/1/463 1193/1/1193
f 1154/1/1154 1193/1/1193 435/1/435
f 1194/1/1194 1193/1/1193 1154/1/1154
f 435/1/435 1193/1/1193 1196/1/1196
f 1193/1/1193 463/1/463 1197/1/1197
f 1196/1/1196 1197/1/1197 464/1/464
f 1193/1/1193 1197/1/1197 1196/1/1196
f 435/1/435 1196/1/1196 1151/1/1151
f 1196/1/1196 464/1/464 1195/1/1195
f 1151/1/1151 1195/1/1195 433/1/433
f 1196/1/1196 1195/1/1195 1151/1/1151
f 433/1/433 1195/1/1195 1200/1/1200
f 1195/1/1195 464/1/464 1201/1/1201
f 1200/1/1200 1201/1/1201 465/1/465
f 1195/1/1195 1201/1/1201 1200/1/1200
f 433/1/433 1200/1/1200 1148/1/1148
f 1200/1/1200 465/1/465 1199/1/1199
f 1148/1/1148 1199/1/1199 431/1/431
f 1200/1/1200 1199/1/1199 1148/1/1148
f 431/1/431 1199/1/1199 1145/1/1145
f 1199/1/1199 465/1/465 1198/1/1198
f 1145/1/1145 1198/1/1198 430/1/430
f 1199/1/1199 1198/1/1198 1145/1/1145
f 491/1/491 1236/1/1236 1238/1/1238
f 1236/1/1236 490/1/490 1237/1/1237
f 1238/1/1238 1237/1/1237 492/1/492
f 1236/1/1236 1237/1/1237 1238/1/1238
f 491/1/491 1238/1/1238 1241/1/1241
f 1238/1/1238 492/1/492 1242/1/1242
f 1241/1/1241 1242/1/1242 493/1/493
f 1238/1/1238 1242/1/1242 1241/1/1241
f 493/1/493 1242/1/1242 1247/1/1247
f 1242/1/1242 492/1/492 1246/1/1246
f 1247/1/1247 1246/1/1246 494/1/494
f 1242/1/1242 1246/1/1246 1247/1/1247
f 493/1/493 1247/1/1247 1240/1/1240
f 1247/1/1247 494/1/494 1245/1/1245
f 1240/1/1240 1245/1/1245 465/1/465
f 1247/1/1247 1245/1/1245 1240/1/1240
f 465/1/465 1245/1/1245 1198/1/1198
f 1245/1/1245 494/1/494 1244/1/1244
f 1198/1/1198 1244/1/1244 430/1/430
f 1245/1/1245 1244/1/1244 1198/1/1198
f 490/1/490 1250/1/1250 1251/1/1251
f 1250/1/1250 497/1/497 1253/1/1253
f 1251/1/1251 1253/1/1253 498/1/498
f 1250/1/1250 1253/1/1253 1251/1/1251
f 498/1/498 1257/1/1257 1258/1/1258
f 1257/1/1257 502/1/502 1259/1/1259
f 1258/1/1258 1259/1/1259 503/1/503
f 1257/1/1257 1259/1/1259 1258/1/1258
f 509/1/509 1266/1/1266 1262/1/1262
f 1266/1/1266 513/1/513 1265/1/1265
f 1262/1/1262 1265/1/1265 503/1/503
f 1266/1/1266 1265/1/1265 1262/1/1262
f 503/1/503 1265/1/1265 1272/1/1272
f 1265/1/1265 513/1/513 1273/1/1273
f 1272/1/1272 1273/1/1273 514/1/514
f 1265/1/1265 1273/1/1273 1272/1/1272
f 503/1/503 1272/1/1272 1258/1/1258
f 1272/1/1272 514/1/514 1271/1/1271
f 1258/1/1258 1271/1/1271 498/1/498
f 1272/1/1272 1271/1/1271 1258/1/1258
f 498/1/498 1271/1/1271 1252/1/1252
f 1271/1/1271 514/1/514 1269/1/1269
f 1252/1/1252 1269/1/1269 492/1/492
f 1271/1/1271 1269/1/1269 1252/1/1252
f 498/1/498 1252/1/1252 1251/1/1251
f 1252/1/1252 492/1/492 1237/1/1237
f 1251/1/1251 1237/1/1237 490/1/490
f 1252/1/1252 1237/1/1237 1251/1/1251
f 513/1/513 1263/1/1263 1264/1/1264
f 1263/1/1263 424/1/424 1137/1/1137
f 1264/1/1264 1137/1/1137 428/1/428
f 1263/1/1263 1137/1/1137 1264/1/1264
f 513/1/513 1264/1/1264 1273/1/1273
f 1264/1/1264 428/1/428 1268/1/1268
f 1273/1/1273 1268/1/1268 514/1/514
f 1264/1/1264 1268/1/1268 1273/1/1273
f 514/1/514 1268/1/1268 1270/1/1270
f 1268/1/1268 428/1/428 1243/1/1243
f 1270/1/1270 1243/1/1243 494/1/494
f 1268/1/1268 1243/1/1243 1270/1/1270
f 514/1/514 1270/1/1270 1269/1/1269
f 1270/1/1270 494/1/494 1246/1/1246
f 1269/1/1269 1246/1/1246 492/1/492
f 1270/1/1270 1246/1/1246 1269/1/1269
f 456/1/456 1174/1/1174 1280/1/1280
f 1174/1/1174 455/1/455 1279/1/1279
f 1280/1/1280 1279/1/1279 521/1/521
f 1174/1/1174 1279/1/1279 1280/1/1280
f 521/1/521 1279/1/1279 1278/1/1278
f 1279/1/1279 455/1/455 1172/1/1172
f 1278/1/1278 1172/1/1172 454/1/454
f 1279/1/1279 1172/1/1172 1278/1/1278
f 521/1/521 1278/1/1278 1283/1/1283
f 1278/1/1278 454/1/454 1282/1/1282
f 1283/1/1283 1282/1/1282 522/1/522
f 1278/1/1278 1282/1/1282 1283/1/1283
f 522/1/522 1282/1/1282 1287/1/1287
f 1282/1/1282 454/1/454 1286/1/1286
f 1287/1/1287 1286/1/1286 523/1/523
f 1282/1/1282 1286/1/1286 1287/1/1287
f 522/1/522 1287/1/1287 1288/1/1288
f 1287/1/1287 523/1/523 1289/1/1289
f 1288/1/1288 1289/1/1289 524/1/524
f 1287/1/1287 1289/1/1289 1288/1/1288
f 524/1/524 1289/1/1289 1293/1/1293
f 1289/1/1289 523/1/523 1292/1/1292
f 1293/1/1293 1292/1/1292 525/1/525
f 1289/1/1289 1292/1/1292 1293/1/1293
f 494/1/494 1243/1/1243 1244/1/1244
f 1243/1/1243 428/1/428 1141/1/1141
f 1244/1/1244 1141/1/1141 430/1/430
f 1243/1/1243 1141/1/1141 1244/1/1244
f 523/1/523 1286/1/1286 1285/1/1285
f 1286/1/1286 454/1/454 1167/1/1167
f 1286/1/1286 1167/1/1167 1285/1/1285
f 493/1/493 1240/1/1240 1239/1/1239
f 1240/1/1240 465/1/465 1201/1/1201
f 1239/1/1239 1201/1/1201 464/1/464
f 1240/1/1240 1201/1/1201 1239/1/1239
f 525/1/525 1292/1/1292 1291/1/1291
f 1292/1/1292 523/1/523 1284/1/1284
f 1291/1/1291 1284/1/1284 453/1/453
f 1292/1/1292 1284/1/1284 1291/1/1291
f 453/1/453 1284/1/1284 1166/1/1166
f 1284/1/1284 523/1/523 1285/1/1285
f 1284/1/1284 1285/1/1285 1166/1/1166
f 493/1/493 1239/1/1239 1301/1/1301
f 1239/1/1239 464/1/464 1299/1/1299
f 1301/1/1301 1299/1/1299 528/1/528
f 1239/1/1239 1299/1/1299 1301/1/1301
f 528/1/528 1299/1/1299 1298/1/1298
f 1299/1/1299 464/1/464 1197/1/1197
f 1298/1/1298 1197/1/1197 463/1/463
f 1299/1/1299 1197/1/1197 1298/1/1298
f 452/1/452 1290/1/1290 1165/1/1165
f 1290/1/1290 525/1/525 1291/1/1291
f 1165/1/1165 1291/1/1291 453/1/453
f 1290/1/1290 1291/1/1291 1165/1/1165
f 493/1/493 1301/1/1301 1241/1/1241
f 1301/1/1301 528/1/528 1300/1/1300
f 1241/1/1241 1300/1/1300 491/1/491
f 1301/1/1301 1300/1/1300 1241/1/1241
f 1311/1/1311 556/1/556 1312/1/1312
f 1313/1/1313 558/1/558 1314/1/1314
f 1315/1/1315 559/1/559 1316/1/1316
f 1318/1/1318 563/1/563 1319/1/1319
f 1320/1/1320 565/1/565 1321/1/1321
f 605/1/605 1430/1/1430 603/1/603
f 661/1/661 1328/1/1328 660/1/660
f 1328/1/1328 58/1/58 660/1/660
f 59/1/59 1329/1/1329 662/1/662
f 1329/1/1329 661/1/661 662/1/662
f 660/1/660 1330/1/1330 661/1/661
f 1330/1/1330 662/1/662 661/1/661
f 772/1/772 1343/1/1343 771/1/771
f 1343/1/1343 185/1/185 771/1/771
f 635/1/635 1341/1/1341 2/1/2
f 1341/1/1341 771/1/771 2/1/2
f 5/1/5 1342/1/1342 635/1/635
f 1342/1/1342 772/1/772 635/1/635
f 771/1/771 1341/1/1341 772/1/772
f 1341/1/1341 635/1/635 772/1/772
f 991/1/991 1407/1/1407 989/1/989
f 1407/1/1407 309/1/309 989/1/989
f 992/1/992 1409/1/1409 322/1/322
f 1409/1/1409 989/1/989 322/1/322
f 323/1/323 1408/1/1408 992/1/992
f 1408/1/1408 991/1/991 992/1/992
f 989/1/989 1409/1/1409 991/1/991
f 1409/1/1409 992/1/992 991/1/991
f 992/1/992 1412/1/1412 323/1/323
f 1412/1/1412 994/1/994 323/1/323
f 322/1/322 1410/1/1410 992/1/992
f 1410/1/1410 993/1/993 992/1/992
f 993/1/993 1411/1/1411 994/1/994
f 1411/1/1411 324/1/324 994/1/994
f 994/1/994 1412/1/1412 993/1/993
f 1412/1/1412 992/1/992 993/1/993
f 995/1/995 1413/1/1413 994/1/994
f 1413/1/1413 323/1/323 994/1/994
f 996/1/996 1415/1/1415 324/1/324
f 1415/1/1415 994/1/994 324/1/324
f 325/1/325 1414/1/1414 996/1/996
f 1414/1/1414 995/1/995 996/1/996
f 994/1/994 1415/1/1415 995/1/995
f 1415/1/1415 996/1/996 995/1/995
f 309/1/309 1407/1/1407 988/1/988
f 1407/1/1407 991/1/991 988/1/988
f 991/1/991 1408/1/1408 990/1/990
f 1408/1/1408 323/1/323 990/1/990
f 988/1/988 1406/1/1406 306/1/306
f 1406/1/1406 990/1/990 306/1/306
f 990/1/990 1406/1/1406 991/1/991
f 1406/1/1406 988/1/988 991/1/991
f 1094/1/1094 1417/1/1417 990/1/990
f 1417/1/1417 306/1/306 990/1/990
f 1095/1/1095 1419/1/1419 323/1/323
f 1419/1/1419 990/1/990 323/1/323
f 413/1/413 1418/1/1418 1095/1/1095
f 1418/1/1418 1094/1/1094 1095/1/1095
f 990/1/990 1419/1/1419 1094/1/1094
f 1419/1/1419 1095/1/1095 1094/1/1094
f 306/1/306 1417/1/1417 1091/1/1091
f 1417/1/1417 1094/1/1094 1091/1/1091
f 1094/1/1094 1418/1/1418 1097/1/1097
f 1418/1/1418 413/1/413 1097/1/1097
f 1091/1/1091 1421/1/1421 412/1/412
f 1421/1/1421 1097/1/1097 412/1/412
f 1097/1/1097 1421/1/1421 1094/1/1094
f 1421/1/1421 1091/1/1091 1094/1/1094
f 1099/1/1099 1423/1/1423 1097/1/1097
f 1423/1/1423 412/1/412 1097/1/1097
f 1100/1/1100 1425/1/1425 413/1/413
f 1425/1/1425 1097/1/1097 413/1/413
f 414/1/414 1424/1/1424 1100/1/1100
f 1424/1/1424 1099/1/1099 1100/1/1100
f 1097/1/1097 1425/1/1425 1099/1/1099
f 1425/1/1425 1100/1/1100 1099/1/1099
f 412/1/412 1423/1/1423 1092/1/1092
f 1423/1/1423 1099/1/1099 1092/1/1092
f 1099/1/1099 1424/1/1424 1098/1/1098
f 1424/1/1424 414/1/414 1098/1/1098
f 1092/1/1092 1422/1/1422 410/1/410
f 1422/1/1422 1098/1/1098 410/1/410
f 1098/1/1098 1422/1/1422 1099/1/1099
f 1422/1/1422 1092/1/1092 1099/1/1099
f 323/1/323 1413/1/1413 1095/1/1095
f 1413/1/1413 995/1/995 1095/1/1095
f 995/1/995 1414/1/1414 1096/1/1096
f 1414/1/1414 325/1/325 1096/1/1096
f 1095/1/1095 1420/1/1420 413/1/413
f 1420/1/1420 1096/1/1096 413/1/413
f 1096/1/1096 1420/1/1420 995/1/995
f 1420/1/1420 1095/1/1095 995/1/995
f 1107/1/1107 1427/1/1427 1096/1/1096
f 1427/1/1427 413/1/413 1096/1/1096
f 1105/1/1105 1426/1/1426 325/1/325
f 1426/1/1426 1096/1/1096 325/1/325
f 416/1/416 1428/1/1428 1105/1/1105
f 1428/1/1428 1107/1/1107 1105/1/1105
f 1096/1/1096 1426/1/1426 1107/1/1107
f 1426/1/1426 1105/1/1105 1107/1/1107
f 413/1/413 1427/1/1427 1100/1/1100
f 1427/1/1427 1107/1/1107 1100/1/1100
f 1107/1/1107 1428/1/1428 1108/1/1108
f 1428/1/1428 416/1/416 1108/1/1108
f 1100/1/1100 1429/1/1429 414/1/414
f 1429/1/1429 1108/1/1108 414/1/414
f 1108/1/1108 1429/1/1429 1107/1/1107
f 1429/1/1429 1100/1/1100 1107/1/1107
f 993/1/993 1410/1/1410 1016/1/1016
f 1410/1/1410 322/1/322 1016/1/1016
f 1017/1/1017 1416/1/1416 343/1/343
f 1416/1/1416 1016/1/1016 343/1/343
f 324/1/324 1411/1/1411 1017/1/1017
f 1411/1/1411 993/1/993 1017/1/1017
f 1016/1/1016 1416/1/1416 993/1/993
f 1416/1/1416 1017/1/1017 993/1/993
f 1333/1/1333 119/1/119 1336/1/1336
f 1337/1/1337 118/1/118 1335/1/1335
f 1347/1/1347 187/1/187 1349/1/1349
f 1350/1/1350 186/1/186 1348/1/1348
f 1345/1/1345 185/1/185 1343/1/1343
f 1358/1/1358 204/1/204 1355/1/1355
f 1357/1/1357 203/1/203 1360/1/1360
f 1363/1/1363 205/1/205 1361/1/1361
f 1364/1/1364 217/1/217 1366/1/1366
f 1369/1/1369 218/1/218 1367/1/1367
f 1370/1/1370 225/1/225 1374/1/1374
f 1378/1/1378 235/1/235 1375/1/1375
f 1377/1/1377 227/1/227 1380/1/1380
f 1384/1/1384 239/1/239 1381/1/1381
f 1383/1/1383 229/1/229 1386/1/1386
f 1390/1/1390 242/1/242 1387/1/1387
f 1389/1/1389 231/1/231 1392/1/1392
f 1397/1/1397 244/1/244 1393/1/1393
f 1396/1/1396 233/1/233 1373/1/1373
f 1331/1/1331 117/1/117 1372/1/1372
f 1339/1/1339 120/1/120 1403/1/1403
f 1352/1/1352 188/1/188 1354/1/1354
f 1331/1/1331 734/1/734 1332/1/1332
f 1339/1/1339 738/1/738 1338/1/1338
f 1345/1/1345 775/1/775 1346/1/1346
f 1352/1/1352 777/1/777 1351/1/1351
f 1347/1/1347 775/1/775 1344/1/1344
f 1357/1/1357 806/1/806 1356/1/1356
f 1358/1/1358 806/1/806 1359/1/1359
f 1364/1/1364 827/1/827 1362/1/1362
f 1363/1/1363 827/1/827 1365/1/1365
f 1370/1/1370 843/1/843 1368/1/1368
f 1369/1/1369 843/1/843 1371/1/1371
f 1377/1/1377 858/1/858 1376/1/1376
f 1378/1/1378 858/1/858 1379/1/1379
f 1383/1/1383 867/1/867 1382/1/1382
f 1384/1/1384 867/1/867 1385/1/1385
f 1389/1/1389 875/1/875 1388/1/1388
f 1390/1/1390 875/1/875 1391/1/1391
f 1396/1/1396 882/1/882 1395/1/1395
f 1397/1/1397 882/1/882 1394/1/1394
f 1333/1/1333 734/1/734 1334/1/1334
f 1337/1/1337 738/1/738 1340/1/1340
f 1350/1/1350 777/1/777 1353/1/1353
f 1432/1/1432 629/1/629 1434/1/1434
f 1335/1/1335 118/1/118 1332/1/1332
f 1336/1/1336 119/1/119 1338/1/1338
f 1348/1/1348 186/1/186 1346/1/1346
f 1349/1/1349 187/1/187 1351/1/1351
f 1342/1/1342 5/1/5 1344/1/1344
f 1354/1/1354 188/1/188 1356/1/1356
f 1361/1/1361 205/1/205 1359/1/1359
f 1360/1/1360 203/1/203 1362/1/1362
f 1367/1/1367 218/1/218 1365/1/1365
f 1366/1/1366 217/1/217 1368/1/1368
f 1375/1/1375 235/1/235 1371/1/1371
f 1374/1/1374 225/1/225 1376/1/1376
f 1381/1/1381 239/1/239 1379/1/1379
f 1380/1/1380 227/1/227 1382/1/1382
f 1387/1/1387 242/1/242 1385/1/1385
f 1386/1/1386 229/1/229 1388/1/1388
f 1393/1/1393 244/1/244 1391/1/1391
f 1392/1/1392 231/1/231 1395/1/1395
f 1372/1/1372 117/1/117 1394/1/1394
f 1373/1/1373 233/1/233 1334/1/1334
f 1404/1/1404 245/1/245 1340/1/1340
f 1355/1/1355 204/1/204 1353/1/1353
f 1435/1/1435 630/1/630 1436/1/1436
f 1437/1/1437 631/1/631 1438/1/1438
f 1405/1/1405 887/1/887 1403/1/1403
f 1398/1/1398 884/1/884 1400/1/1400
f 1399/1/1399 245/1/245 1404/1/1404
f 1405/1/1405 737/1/737 1400/1/1400
f 1399/1/1399 884/1/884 1402/1/1402
f 1398/1/1398 58/1/58 1328/1/1328
f 1401/1/1401 661/1/661 1329/1/1329
f 1401/1/1401 885/1/885 1402/1/1402
f 734/1/734 1333/1/1333 735/1/735
f 738/1/738 1337/1/1337 735/1/735
f 775/1/775 1347/1/1347 776/1/776
f 777/1/777 1350/1/1350 776/1/776
f 775/1/775 1345/1/1345 772/1/772
f 806/1/806 1358/1/1358 805/1/805
f 806/1/806 1357/1/1357 807/1/807
f 827/1/827 1363/1/1363 807/1/807
f 827/1/827 1364/1/1364 829/1/829
f 843/1/843 1369/1/1369 829/1/829
f 843/1/843 1370/1/1370 857/1/857
f 858/1/858 1378/1/1378 857/1/857
f 858/1/858 1377/1/1377 866/1/866
f 867/1/867 1384/1/1384 866/1/866
f 867/1/867 1383/1/1383 874/1/874
f 875/1/875 1390/1/1390 874/1/874
f 875/1/875 1389/1/1389 881/1/881
f 882/1/882 1397/1/1397 881/1/881
f 882/1/882 1396/1/1396 852/1/852
f 734/1/734 1331/1/1331 852/1/852
f 738/1/738 1339/1/1339 887/1/887
f 777/1/777 1352/1/1352 805/1/805
f 117/1/117 1331/1/1331 118/1/118
f 120/1/120 1339/1/1339 1338/1/1338
f 185/1/185 1345/1/1345 186/1/186
f 188/1/188 1352/1/1352 187/1/187
f 187/1/187 1347/1/1347 5/1/5
f 203/1/203 1357/1/1357 188/1/188
f 204/1/204 1358/1/1358 205/1/205
f 217/1/217 1364/1/1364 203/1/203
f 205/1/205 1363/1/1363 218/1/218
f 225/1/225 1370/1/1370 217/1/217
f 218/1/218 1369/1/1369 235/1/235
f 227/1/227 1377/1/1377 225/1/225
f 235/1/235 1378/1/1378 239/1/239
f 229/1/229 1383/1/1383 227/1/227
f 239/1/239 1384/1/1384 242/1/242
f 231/1/231 1389/1/1389 1388/1/1388
f 242/1/242 1390/1/1390 244/1/244
f 233/1/233 1396/1/1396 1395/1/1395
f 244/1/244 1397/1/1397 117/1/117
f 119/1/119 1333/1/1333 1334/1/1334
f 118/1/118 1337/1/1337 245/1/245
f 186/1/186 1350/1/1350 204/1/204
f 631/1/631 1437/1/1437 1436/1/1436
f 735/1/735 1335/1/1335 1332/1/1332
f 735/1/735 1336/1/1336 1338/1/1338
f 776/1/776 1348/1/1348 1346/1/1346
f 776/1/776 1349/1/1349 1351/1/1351
f 772/1/772 1342/1/1342 1344/1/1344
f 805/1/805 1354/1/1354 1356/1/1356
f 807/1/807 1361/1/1361 1359/1/1359
f 807/1/807 1360/1/1360 1362/1/1362
f 829/1/829 1367/1/1367 1365/1/1365
f 829/1/829 1366/1/1366 1368/1/1368
f 857/1/857 1375/1/1375 1371/1/1371
f 857/1/857 1374/1/1374 1376/1/1376
f 866/1/866 1381/1/1381 1379/1/1379
f 866/1/866 1380/1/1380 1382/1/1382
f 874/1/874 1387/1/1387 1385/1/1385
f 874/1/874 1386/1/1386 1388/1/1388
f 881/1/881 1393/1/1393 1391/1/1391
f 881/1/881 1392/1/1392 1395/1/1395
f 852/1/852 1372/1/1372 1394/1/1394
f 852/1/852 1373/1/1373 1334/1/1334
f 887/1/887 1404/1/1404 1340/1/1340
f 805/1/805 1355/1/1355 1353/1/1353
f 629/1/629 1432/1/1432 628/1/628
f 737/1/737 1405/1/1405 120/1/120
f 58/1/58 1398/1/1398 737/1/737
f 884/1/884 1399/1/1399 887/1/887
f 887/1/887 1405/1/1405 884/1/884
f 245/1/245 1399/1/1399 885/1/885
f 884/1/884 1398/1/1398 661/1/661
f 885/1/885 1401/1/1401 59/1/59
f 661/1/661 1401/1/1401 884/1/884
f 628/1/628 1431/1/1431 1433/1/1433
f 1333/1/1333 1336/1/1336 735/1/735
f 1337/1/1337 1335/1/1335 735/1/735
f 1347/1/1347 1349/1/1349 776/1/776
f 1350/1/1350 1348/1/1348 776/1/776
f 1345/1/1345 1343/1/1343 772/1/772
f 1358/1/1358 1355/1/1355 805/1/805
f 1357/1/1357 1360/1/1360 807/1/807
f 1363/1/1363 1361/1/1361 807/1/807
f 1364/1/1364 1366/1/1366 829/1/829
f 1369/1/1369 1367/1/1367 829/1/829
f 1370/1/1370 1374/1/1374 857/1/857
f 1378/1/1378 1375/1/1375 857/1/857
f 1377/1/1377 1380/1/1380 866/1/866
f 1384/1/1384 1381/1/1381 866/1/866
f 1383/1/1383 1386/1/1386 874/1/874
f 1390/1/1390 1387/1/1387 874/1/874
f 1389/1/1389 1392/1/1392 881/1/881
f 1397/1/1397 1393/1/1393 881/1/881
f 1396/1/1396 1373/1/1373 852/1/852
f 1331/1/1331 1372/1/1372 852/1/852
f 1339/1/1339 1403/1/1403 887/1/887
f 1352/1/1352 1354/1/1354 805/1/805
f 1331/1/1331 1332/1/1332 118/1/118
f 120/1/120 1338/1/1338 119/1/119
f 1345/1/1345 1346/1/1346 186/1/186
f 1352/1/1352 1351/1/1351 187/1/187
f 1347/1/1347 1344/1/1344 5/1/5
f 1357/1/1357 1356/1/1356 188/1/188
f 1358/1/1358 1359/1/1359 205/1/205
f 1364/1/1364 1362/1/1362 203/1/203
f 1363/1/1363 1365/1/1365 218/1/218
f 1370/1/1370 1368/1/1368 217/1/217
f 1369/1/1369 1371/1/1371 235/1/235
f 1377/1/1377 1376/1/1376 225/1/225
f 1378/1/1378 1379/1/1379 239/1/239
f 1383/1/1383 1382/1/1382 227/1/227
f 1384/1/1384 1385/1/1385 242/1/242
f 231/1/231 1388/1/1388 229/1/229
f 1390/1/1390 1391/1/1391 244/1/244
f 233/1/233 1395/1/1395 231/1/231
f 1397/1/1397 1394/1/1394 117/1/117
f 119/1/119 1334/1/1334 233/1/233
f 1337/1/1337 1340/1/1340 245/1/245
f 1350/1/1350 1353/1/1353 204/1/204
f 631/1/631 1436/1/1436 630/1/630
f 735/1/735 1332/1/1332 734/1/734
f 735/1/735 1338/1/1338 738/1/738
f 776/1/776 1346/1/1346 775/1/775
f 776/1/776 1351/1/1351 777/1/777
f 772/1/772 1344/1/1344 775/1/775
f 805/1/805 1356/1/1356 806/1/806
f 807/1/807 1359/1/1359 806/1/806
f 807/1/807 1362/1/1362 827/1/827
f 829/1/829 1365/1/1365 827/1/827
f 829/1/829 1368/1/1368 843/1/843
f 857/1/857 1371/1/1371 843/1/843
f 857/1/857 1376/1/1376 858/1/858
f 866/1/866 1379/1/1379 858/1/858
f 866/1/866 1382/1/1382 867/1/867
f 874/1/874 1385/1/1385 867/1/867
f 874/1/874 1388/1/1388 875/1/875
f 881/1/881 1391/1/1391 875/1/875
f 881/1/881 1395/1/1395 882/1/882
f 852/1/852 1394/1/1394 882/1/882
f 852/1/852 1334/1/1334 734/1/734
f 887/1/887 1340/1/1340 738/1/738
f 805/1/805 1353/1/1353 777/1/777
f 1432/1/1432 1431/1/1431 628/1/628
f 1405/1/1405 1403/1/1403 120/1/120
f 1398/1/1398 1400/1/1400 737/1/737
f 1399/1/1399 1404/1/1404 887/1/887
f 1405/1/1405 1400/1/1400 884/1/884
f 1399/1/1399 1402/1/1402 885/1/885
f 1398/1/1398 1328/1/1328 661/1/661
f 1401/1/1401 1329/1/1329 59/1/59
f 1401/1/1401 1402/1/1402 884/1/884
f 628/1/628 1433/1/1433 1327/1/1327
